word	mean_RT	word_length	word_lower
'Admiral	426.0921052631579	8	'admiral
'Ah	323.9634146341463	3	'ah
'Based	351.98571428571427	6	'based
'Budge	349.49367088607596	6	'budge
'But	341.77647058823527	4	'but
'Come	352.1818181818182	5	'come
'Come,	343.1847826086956	6	'come,
'Do	319.8440860215054	3	'do
'Don't	328.86746987951807	6	'don't
'Except	429.15909090909093	7	'except
'Extraordinary	404.71794871794873	14	'extraordinary
'For	328.28395061728395	4	'for
'General	354.57142857142856	8	'general
'General'	412.97402597402595	9	'general'
'Good	358.9259259259259	5	'good
'Grandmother,'	444.81111111111113	14	'grandmother,'
'Haven't	381.961038961039	8	'haven't
'He'll	331.390243902439	6	'he'll
'He's	384.8333333333333	5	'he's
'How	328.59493670886076	4	'how
'I	328.0168243953733	2	'i
'I'm	340.40562248995985	4	'i'm
'I've	322.8125	5	'i've
'It's	359.9021739130435	5	'it's
'Just	347.8192771084337	5	'just
'Mogul'.	574.9166666666666	8	'mogul'.
'No'.	405.21276595744683	5	'no'.
'No,	338.63157894736844	4	'no,
'Nothing	330.4268292682927	8	'nothing
'O	355.9230769230769	2	'o
'On	332.4698795180723	3	'on
'Or	348.43373493975906	3	'or
'Scratch!'	480.0111111111111	10	'scratch!'
'She	384.72527472527474	4	'she
'Small	357.48192771084337	6	'small
'Someone	406.15384615384613	8	'someone
'That	371.0	5	'that
'The	334.68058968058966	4	'the
'Then	339.5387596899225	5	'then
'This	314.1341463414634	5	'this
'To	334.67123287671234	3	'to
'Tulip	406.44736842105266	6	'tulip
'Was	385.94666666666666	4	'was
'What	329.37109375	5	'what
'What's	339.8536585365854	7	'what's
'Where's	420.0853658536585	8	'where's
'Why	352.63829787234044	4	'why
'With	335.35714285714283	5	'with
'Yes,	359.3777777777778	5	'yes,
'Yes,'	386.72	6	'yes,'
'You	347.47513812154693	4	'you
'You've	435.0843373493976	7	'you've
'You,	325.7984496124031	5	'you,
'admiral',	419.62820512820514	10	'admiral',
'broken'	406.4266666666667	8	'broken'
'confessions'	383.958904109589	13	'confessions'
'flying	386.46938775510205	7	'flying
'fog'.	409.4725274725275	6	'fog'.
'hoover'.	464.1951219512195	9	'hoover'.
'tulip	353.29411764705884	6	'tulip
'witnesses'	398.2916666666667	11	'witnesses'
(purple	366.46835443037975	7	(purple
(red	396.0759493670886	4	(red
(red,	409.50632911392404	5	(red,
A	364.203125	1	a
Abby	342.9594651065608	4	abby
Abby's	389.99795081967216	6	abby's
Abby,	377.59574468085106	5	abby,
Abby.	344.5365853658537	5	abby.
About	356.6914893617021	5	about
According	321.5657894736842	9	according
Accounting	340.88732394366195	10	accounting
Act	354.41333333333336	3	act
Additionally,	418.2972972972973	13	additionally,
Admirals'	408.54545454545456	9	admirals'
Age	396.2641509433962	3	age
Agustin	394.4366197183099	7	agustin
Air	351.3095238095238	3	air
All	332.4263565891473	3	all
Almost	329.67058823529413	6	almost
Although	351.2410071942446	8	although
American	334.35714285714283	8	american
Americans	432.93150684931504	9	americans
An	322.3	2	an
And	325.40793201133147	3	and
And,	331.2899408284024	4	and,
April	393.38961038961037	5	april
Aqua	345.58576642335765	4	aqua
Aqua's	374.1978021978022	6	aqua's
Aqua,	383.09157509157507	5	aqua,
Army	349.0748299319728	4	army
Around	354.2470588235294	6	around
As	331.271375464684	2	as
At	363.3922558922559	2	at
Attempts	383.48	8	attempts
Attention	351.6376811594203	9	attention
Augustus	455.9868421052632	8	augustus
Back	328.54597701149424	4	back
Before	313.91358024691357	6	before
Besides,	337.9340659340659	8	besides,
Bizarden	468.82278481012656	8	bizarden
Boar.	924.1818181818181	5	boar.
Bomb	437.7972972972973	4	bomb
Bradford	360.24455611390283	8	bradford
Bradford,	409.25882352941176	9	bradford,
Bradford.	357.5416666666667	9	bradford.
British	329.90909090909093	7	british
Brown	344.59574468085106	5	brown
Bulbs	373.7763157894737	5	bulbs
Buster	333.96791443850265	6	buster
But	344.6036585365854	3	but
By	372.47852760736197	2	by
CNN	433.43243243243245	3	cnn
Can	316.1170212765957	3	can
Certain	359.77777777777777	7	certain
Charles	388.8322580645161	7	charles
Children	430.0	8	children
City	353.72727272727275	4	city
Commanding	410.6666666666667	10	commanding
Complex	384.05555555555554	7	complex
Compulsive	341.0144927536232	10	compulsive
Confident,	380.0	10	confident,
Correthers,	542.6	11	correthers,
Could	377.24418604651163	5	could
Couleren,	534.6315789473684	9	couleren,
Crest	381.24418604651163	5	crest
Crowds',	399.61538461538464	8	crowds',
Deficit	386.7826086956522	7	deficit
Delusions	400.15384615384613	9	delusions
Despite	337.5405405405405	7	despite
Disorder	362.1231884057971	8	disorder
Do	367.1630434782609	2	do
Down	333.0444444444444	4	down
Dr.	427.125	3	dr.
During	339.820987654321	6	during
Dutch	349.79179810725554	5	dutch
Eighth	377.8378378378378	6	eighth
Elvis	338.7070588235294	5	elvis
Elvis's	353.7259786476868	7	elvis's
Elvis's?'	360.29347826086956	9	elvis's?'
Emperor's	399.5897435897436	9	emperor's
Empire,	414.7848101265823	7	empire,
England,	400.2696629213483	8	england,
Eugene	671.0	6	eugene
Europe	358.60759493670884	6	europe
Even	360.7696629213483	4	even
Eventually,	342.66279069767444	11	eventually,
Exhausted,	400.2637362637363	10	exhausted,
February	423.44871794871796	8	february
Festival	339.3098591549296	8	festival
Field	376.08843537414964	5	field
Flemish	455.9493670886076	7	flemish
Florida	447.9157894736842	7	florida
For	328.8489583333333	3	for
Force	332.75	5	force
Fort	424.05333333333334	4	fort
Fourth	370.1764705882353	6	fourth
Freedom	351.24	7	freedom
French	546.7291666666666	6	french
French,	406.4155844155844	7	french,
Friedman	412.44	8	friedman
From	310.125	4	from
General	338.4932432432432	7	general
Generals'.	369.54545454545456	10	generals'.
Genetic	346.6521739130435	7	genetic
Georges	473.7638888888889	7	georges
Gilles	470.25	6	gilles
Golden	370.6319018404908	6	golden
Good	497.2173913043478	4	good
Group	358.0821917808219	5	group
Hall,	395.39080459770116	5	hall,
Hastened	344.04	8	hastened
He	343.22374100719423	2	he
Her	335.1433962264151	3	her
Higher	362.8611111111111	6	higher
His	367.39606741573033	3	his
House	313.496062992126	5	house
House,	374.1190476190476	6	house,
How	355.6133828996283	3	how
However,	376.11371237458195	8	however,
Hunt	461.6470588235294	4	hunt
Hyperactivity	380.3970588235294	13	hyperactivity
I	323.96395276569297	1	i
I'm	327.10526315789474	3	i'm
I've	311.5121951219512	4	i've
If	352.7014925373134	2	if
In	327.29337094499294	2	in
Incident	372.82894736842104	8	incident
Indeed,	328.5111111111111	7	indeed,
Information	357.93333333333334	11	information
Inside	327.29347826086956	6	inside
Into	366.46629213483146	4	into
It	339.345690747782	2	it
It's	409.9120879120879	4	it's
Jacksonville,	465.66315789473686	13	jacksonville,
January	357.59722222222223	7	january
Jesse	396.8767123287671	5	jesse
Jill	300.7248322147651	4	jill
Jill,	365.67385444743934	5	jill,
Josephs	501.17721518987344	7	josephs
July	366.72685185185185	4	july
June	362.45569620253167	4	june
Karl	444.3382352941176	4	karl
Knowledgeable	409.5211267605634	13	knowledgeable
Later	349.8456375838926	5	later
Leiden	382.1645569620253	6	leiden
Listening	338.2073170731707	9	listening
Lord	304.35584137191853	4	lord
Lord.	307.51190476190476	5	lord.
Lord.'	313.3411764705882	6	lord.'
Lucy	341.0797903319744	4	lucy
Lucy's	369.1220159151194	6	lucy's
Lucy,	363.47682119205297	5	lucy,
Lucy.	399.07894736842104	5	lucy.
Lucy.'	365.3157894736842	6	lucy.'
Mackay	361.11304347826086	6	mackay
Mackay's	347.51973684210526	8	mackay's
Mackay,	337.2597402597403	7	mackay,
Madness	338.46753246753246	7	madness
Maker.	533.945054945055	6	maker.
Manor	309.3181818181818	5	manor
Manor.	312.0118343195266	6	manor.
Many	340.4642857142857	4	many
Marcel,	387.958904109589	7	marcel,
May	338.2597402597403	3	may
Mexico,	365.5131578947368	7	mexico,
Mogul,	368.27536231884056	6	mogul,
Mogul.'	407.77142857142854	7	mogul.'
Mom	331.2083333333333	3	mom
Mom's	346.51807228915663	5	mom's
Mom,	330.2865853658537	4	mom,
Mom.	358.2375	4	mom.
Most	336.9066666666667	4	most
Mr.	338.17297297297296	3	mr.
Much	357.27142857142854	4	much
My	333.0860215053763	2	my
Netherlands,	334.67105263157896	12	netherlands,
Netherlands.	520.3552631578947	12	netherlands.
New	379.08429118773944	3	new
No	356.40384615384613	2	no
No,	334.57471264367814	3	no,
North	365.4943820224719	5	north
Not	340.44444444444446	3	not
November	335.9189189189189	8	november
Now	332.7738095238095	3	now
Now,	330.62666666666667	4	now,
Numerous	348.1232876712329	8	numerous
Obsessive	329.82608695652175	9	obsessive
Of	329.3515151515152	2	of
Office	326.9172413793103	6	office
On	333.6848484848485	2	on
Once	363.84615384615387	4	once
One	361.3843137254902	3	one
Other	335.28834355828224	5	other
Ottoman	423.94871794871796	7	ottoman
Over	362.0933333333333	4	over
Passersby	404.14285714285717	9	passersby
People	369.3783783783784	6	people
Perhaps	344.2083333333333	7	perhaps
Pflock,	401.75	7	pflock,
Plains	332.0285714285714	6	plains
Poor	342.9672131147541	4	poor
Popular	440.9342105263158	7	popular
Presley	345.6736842105263	7	presley
Project	370.1666666666667	7	project
Propagation	405.45454545454544	11	propagation
Properly	448.14285714285717	8	properly
Provinces	373.5	9	provinces
Provinces,	536.2051282051282	10	provinces,
Rather	341.5405405405405	6	rather
Research	377.2133333333333	8	research
Right	350.5421686746988	5	right
Rosen	486.7922077922078	5	rosen
Roswell	342.1021052631579	7	roswell
Roswell,	382.22297297297297	8	roswell,
Samaritan	469.2087912087912	9	samaritan
San	338.2142857142857	3	san
Saturday	402.8804347826087	8	saturday
Secret	316.87142857142857	6	secret
Secretary	307.22535211267603	9	secretary
Seeds	431.94736842105266	5	seeds
Seeing	314.91764705882355	6	seeing
Semper	439.7631578947368	6	semper
September,	386.5394736842105	10	september,
She	330.550641025641	3	she
Simple	415.73793103448276	6	simple
Since	460.16	5	since
So	333.92255125284737	2	so
Some	326.56846473029043	4	some
Soviet	322.67605633802816	6	soviet
Stanton	416.90277777777777	7	stanton
States	390.0135135135135	6	states
Sticky	335.3109017496635	6	sticky
Sticky,	334.4193548387097	7	sticky,
Sticky.	390.0181818181818	7	sticky.
Sticky?'	399.8433734939759	8	sticky?'
Sunday,	347.54945054945057	7	sunday,
That	358.5868983957219	4	that
The	350.50892716068887	3	the
Their	369.2	5	their
Then	336.1293661060802	4	then
Then,	345.8516129032258	5	then,
There	353.4808917197452	5	there
There,	364.3375	6	there,
These	358.76666666666665	5	these
They	343.80120481927713	4	they
This	366.3373134328358	4	this
Those	363.02150537634407	5	those
Though	375.76056338028167	6	though
Through	338.0	7	through
Tics	374.5473684210526	4	tics
Time	386.17808219178085	4	time
To	306.8247011952191	2	to
Together	345.6043956043956	8	together
Top	319.46478873239437	3	top
Tough	468.5869565217391	5	tough
Tourette's	362.33671083398286	10	tourette's
Tourette's,	356.986013986014	11	tourette's,
Tourette's.	674.9923076923077	11	tourette's.
Tourette,	440.8082191780822	9	tourette,
Traders	377.78205128205127	7	traders
Tucked	319.4024390243902	6	tucked
Tulip	511.0122699386503	5	tulip
Tulips	370.88961038961037	6	tulips
Turkey,	421.1794871794872	7	turkey,
UFO	369.1320754716981	3	ufo
UFO,	347.56164383561645	4	ufo,
UFOlogists	403.7260273972603	10	ufologists
UFOs.	406.2162162162162	5	ufos.
US	413.82608695652175	2	us
United	376.79399141630904	6	united
University	354.1375	10	university
Usually,	439.3734939759036	8	usually,
Violetten	533.7051282051282	9	violetten
We	304.2340425531915	2	we
When	361.07889546351083	4	when
Why	327.2967032967033	3	why
Within	321.56382978723406	6	within
Worth.	408.1506849315069	6	worth.
Yard.	442.5833333333333	5	yard.
Year's	495.258064516129	6	year's
Year's,	368.85714285714283	7	year's,
You	323.20703125	3	you
a	329.5409121774559	1	a
able	304.4884393063584	4	able
about	339.0815752461322	5	about
about.	324.0752688172043	6	about.
above	333.4078212290503	5	above
absolute	331.1857142857143	8	absolute
abusive	360.46666666666664	7	abusive
accidents	399.2957746478873	9	accidents
accompanied	397.5	11	accompanied
accord,	403.59090909090907	7	accord,
according	343.9718309859155	9	according
account	314.59119496855345	7	account
account,	357.38961038961037	8	account,
accounts	327.7292817679558	8	accounts
accounts,	363.3474178403756	9	accounts,
accumulated	335.7741935483871	11	accumulated
accusingly.	391.7710843373494	11	accusingly.
ace	372.1931818181818	3	ace
achieve	309.05333333333334	7	achieve
achievement	294.26666666666665	11	achievement
achievements.	419.1860465116279	13	achievements.
acquiesced	427.010989010989	10	acquiesced
acres	335.5128205128205	5	acres
across	337.30324909747293	6	across
activities.	399.93055555555554	11	activities.
actual	378.22222222222223	6	actual
actually	330.5940170940171	8	actually
add	324.8780487804878	3	add
added,	335.6842105263158	6	added,
addition	326.6125	8	addition
additional	417.76056338028167	10	additional
admitted	318.42105263157896	8	admitted
adulthood	344.71830985915494	9	adulthood
adulthood.	367.97278911564626	10	adulthood.
advance	318.9642857142857	7	advance
affected	325.98604651162793	8	affected
affording	383.61842105263156	9	affording
afraid,	428.67391304347825	7	afraid,
after	371.5804195804196	5	after
again	345.9114285714286	5	again
again,	352.02272727272725	6	again,
again.	321.7951807228916	6	again.
against	312.44736842105266	7	against
ages	375.027397260274	4	ages
ago	316.5111111111111	3	ago
ago,	370.5394736842105	4	ago,
ago.	334.5345911949685	4	ago.
agree	308.048275862069	5	agree
aimed	316.62857142857143	5	aimed
air	370.33078393881453	3	air
air,	352.25274725274727	4	air,
alien	354.35593220338984	5	alien
aliens	313.848623853211	6	aliens
aliens,	349.9793103448276	7	aliens,
aliens.	356.64383561643837	7	aliens.
alive,	345.8082191780822	6	alive,
all	319.9286406199548	3	all
all,	353.7692307692308	4	all,
all.	313.94505494505495	4	all.
alleged	408.11333333333334	7	alleged
allergies.	403.01408450704224	10	allergies.
allowed	306.19642857142856	7	allowed
almost	335.7586705202312	6	almost
alone	326.4712643678161	5	alone
alone.	342.93333333333334	6	alone.
along	337.8152173913044	5	along
along,	337.65934065934067	6	along,
along.	356.27472527472526	6	along.
already	315.51394422310756	7	already
already!	463.29333333333335	8	already!
also	316.7300131061599	4	also
altitude	350.0857142857143	8	altitude
always	336.71055900621116	6	always
am	322.1113892365457	2	am
ambassador	420.36708860759495	10	ambassador
ambitions.	400.89285714285717	10	ambitions.
ambushed	313.4235294117647	8	ambushed
among	332.0469208211144	5	among
an	349.490943755958	2	an
and	332.0974213181709	3	and
and,	336.19070904645474	4	and,
anger,	328.2736842105263	6	anger,
anger.	365.95402298850576	6	anger.
angrily	324.65909090909093	7	angrily
angry	308.5903614457831	5	angry
animal.	363.9390243902439	7	animal.
announced	339.72972972972974	9	announced
announced.	345.4968152866242	10	announced.
annoyed	377.0568181818182	7	annoyed
annual	346.43589743589746	6	annual
another	338.2460567823344	7	another
answer	323.20238095238096	6	answer
answer,	411.10752688172045	7	answer,
answered	445.12	8	answered
anthropomorphic	528.1739130434783	15	anthropomorphic
anticipation	322.7945205479452	12	anticipation
anxiety	365.4513888888889	7	anxiety
any	327.6919431279621	3	any
any,	391.7613636363636	4	any,
anymore.	384.77777777777777	8	anymore.
anyone	356.6871165644172	6	anyone
anything	327.51063829787233	8	anything
anytime	326.97872340425533	7	anytime
apart	340.60869565217394	5	apart
apparently	387.5466666666667	10	apparently
appealing	387.1168831168831	9	appealing
appear	361.25454545454545	6	appear
appearance.	390.4888888888889	11	appearance.
appeared	322.4175824175824	8	appeared
appeared.	356.2926829268293	9	appeared.
applaud	313.75342465753425	7	applaud
applause	283.35616438356163	8	applause
approached	400.5777777777778	10	approached
approval.	393.9012345679012	9	approval.
approximately	391.45205479452056	13	approximately
apron	525.0978260869565	5	apron
archway,	399.2926829268293	8	archway,
are	333.8376664552949	3	are
area,	341.35714285714283	5	area,
argued	303.32	6	argued
arguing	325.80263157894734	7	arguing
arguments,	423.2567567567568	10	arguments,
arms	328.42021276595744	4	arms
arms,	293.8131868131868	5	arms,
arms.	359.0681818181818	5	arms.
around	331.50469483568077	6	around
around.	403.65895953757223	7	around.
arrived	352.34065934065933	7	arrived
arrows	356.7738095238095	6	arrows
art	342.28915662650604	3	art
articles,	363.63013698630135	9	articles,
as	335.0090112640801	2	as
ask	356.29347826086956	3	ask
asked	339.14859437751005	5	asked
asked,	358.4237804878049	6	asked,
asked.	348.8235294117647	6	asked.
asking	356.5444444444444	6	asking
asleep	308.4157303370786	6	asleep
asleep.	334.9318181818182	7	asleep.
asset	328.0657894736842	5	asset
assigned	324.64772727272725	8	assigned
assured	357.32876712328766	7	assured
assured,	336.95348837209303	8	assured,
at	320.74350573367656	2	at
atomic	363.4714285714286	6	atomic
atypical	394.27464788732397	8	atypical
audience	298.63758389261744	8	audience
audience,	314.4353741496599	9	audience,
audience.	343.3243243243243	9	audience.
author	363.28	6	author
autosomal	507.92753623188406	9	autosomal
avail.	352.5681818181818	6	avail.
average	375.38028169014086	7	average
avoid	355.4673913043478	5	avoid
awaited	324.3333333333333	7	awaited
away	309.32608695652175	4	away
away,	334.12698412698415	5	away,
away.	339.7117117117117	5	away.
baby,'	388.89304812834223	6	baby,'
back	321.88909599254424	4	back
back!	347.2613636363636	5	back!
back,	338.5301204819277	5	back,
back.	351.76171875	5	back.
background)	396.93589743589746	11	background)
background),	483.7435897435897	12	background),
backs	383.03846153846155	5	backs
bad	355.873417721519	3	bad
bade	342.89772727272725	4	bade
badly	317.5833333333333	5	badly
bag	328.10227272727275	3	bag
bakery.	375.6931818181818	7	bakery.
balance	348.4431818181818	7	balance
bald	340.0851063829787	4	bald
ballistic	370.92857142857144	9	ballistic
balloon	362.9144144144144	7	balloon
balloons	329.3623188405797	8	balloons
bank.	347.6179775280899	5	bank.
bar.	360.60215053763443	4	bar.
barber	323.50959488272923	6	barber
barber,	302.78723404255317	7	barber,
barbershop,	410.48936170212767	11	barbershop,
bare	416.6923076923077	4	bare
basic	324.32394366197184	5	basic
basis	304.6857142857143	5	basis
be	326.5051490514905	2	be
beach,	324.31868131868134	6	beach,
beamed	379.34939759036143	6	beamed
beaming	332.2814371257485	7	beaming
beast's	382.64285714285717	7	beast's
beat	321.86033519553075	4	beat
beautiful	333.94533029612757	9	beautiful
beautiful,	308.95604395604397	10	beautiful,
beavers	359.7906976744186	7	beavers
became	342.2828685258964	6	became
because	334.7316896301668	7	because
beckoning	361.52	9	beckoning
become	328.4078947368421	6	become
bed	321.577868852459	3	bed
bed,	364.64541832669323	4	bed,
bed.	359.65934065934067	4	bed.
bedroom	312.4060606060606	7	bedroom
been	322.49359658484525	4	been
before	334.74221453287197	6	before
before,	382.26881720430106	7	before,
before.	344.7701149425287	7	before.
began	308.81458333333336	5	began
began,	343.94520547945206	6	began,
beginning	341.29411764705884	9	beginning
behave	347.6666666666667	6	behave
behind	318.2722891566265	6	behind
behold,	308.6373626373626	7	behold,
being	322.322	5	being
being,	346.0987654320988	6	being,
believe	324.24	7	believe
believed	317.10878661087867	8	believed
belonged	350.4121621621622	8	belonged
belonged.	902.3888888888889	9	belonged.
belonging	307.28767123287673	9	belonging
below	330.4157303370786	5	below
below,	342.14130434782606	6	below,
bending,	400.3521126760563	8	bending,
beside	321.0246913580247	6	beside
best.	342.0	5	best.
better	327.24810606060606	6	better
between	328.9148936170213	7	between
bewitching	368.494623655914	10	bewitching
bide	370.8313253012048	4	bide
big	321.613810741688	3	big
bigger	305.84705882352944	6	bigger
birches	335.4945054945055	7	birches
bird	333.5327399872854	4	bird
bird,	339.8045977011494	5	bird,
birds	326.71604938271605	5	birds
birds,	364.3068181818182	6	birds,
birds.	366.33714285714285	6	birds.
bit	308.9329268292683	3	bit
bitch,	405.8279569892473	6	bitch,
bitter	307.95348837209303	6	bitter
black	373.4651162790698	5	black
blatantly	391.25274725274727	9	blatantly
bleeped	337.61842105263156	7	bleeped
blew	308.79347826086956	4	blew
blinking	358.0416666666667	8	blinking
blinking,	352.6575342465753	9	blinking,
blood	317.07042253521126	5	blood
bloom	386.7763157894737	5	bloom
blow	328.3626373626374	4	blow
blue	350.9245810055866	4	blue
bluebird,	374.14942528735634	9	bluebird,
boar	318.41284403669727	4	boar
boar!'	303.8192771084337	6	boar!'
boar's	329.35363790186125	6	boar's
boar,	335.84375	5	boar,
boar.	362.66265060240966	5	boar.
boar?	324.3058823529412	5	boar?
boar?'	348.7647058823529	6	boar?'
board	324.1914893617021	5	board
bobbing	347.23030303030305	7	bobbing
bodies	350.67123287671234	6	bodies
body.	386.38947368421054	5	body.
bold	341.5988372093023	4	bold
bomb	359.8169014084507	4	bomb
bones	365.86170212765956	5	bones
bones?'	1131.6375	7	bones?'
book	343.57522123893807	4	book
book,	336.7168674698795	5	book,
books	315.0	5	books
books,	364.06944444444446	6	books,
bore	351.56470588235294	4	bore
botanical	401.94871794871796	9	botanical
botanist	451.3246753246753	8	botanist
botanists	355.2763157894737	9	botanists
both	307.94827586206895	4	both
bottom,	401.6707317073171	7	bottom,
bottom.	333.85	7	bottom.
bottoms	371.9759036144578	7	bottoms
bought	298.2987012987013	6	bought
bow,	344.5595238095238	4	bow,
boy	383.6195652173913	3	boy
boys	325.31413612565444	4	boys
boys,	396.2315789473684	5	boys,
brass	356.98523985239854	5	brass
breakfast.	370.4191616766467	10	breakfast.
breaking	396.7654320987654	8	breaking
breaking'	398.5584415584416	9	breaking'
breathe	370.35955056179773	7	breathe
breathing	313.65060240963857	9	breathing
brick	344.8279569892473	5	brick
bricks.	356.5108695652174	7	bricks.
bridge	343.6703296703297	6	bridge
brief,	347.55555555555554	6	brief,
bright	321.54395604395603	6	bright
brighter	329.13186813186815	8	brighter
brightly,	324.0869565217391	9	brightly,
brightness	318.21666666666664	10	brightness
bring	288.52941176470586	5	bring
bringing	374.5	8	bringing
brook	314.4909090909091	5	brook
brook,	354.1573033707865	6	brook,
brother	334.53956834532374	7	brother
brothers	302.07749077490774	8	brothers
brought	308.325	7	brought
brown	377.7974683544304	5	brown
brunt	358.1162790697674	5	brunt
brushed	301.4462365591398	7	brushed
bubble	333.02597402597405	6	bubble
bubble,	377.81045751633985	7	bubble,
bubble.	418.4313725490196	7	bubble.
bubbles.	436.1686746987952	8	bubbles.
buds	372.8562091503268	4	buds
buds,	408.4868421052632	5	buds,
buds.	505.87417218543044	5	buds.
bugging	352.2105263157895	7	bugging
buildup	319.4714285714286	7	buildup
bulb	366.2899022801303	4	bulb
bulb.	468.02564102564105	5	bulb.
bulbs	334.42618741976895	5	bulbs
bulbs,	356.82894736842104	6	bulbs,
bulbs.	341.15584415584414	6	bulbs.
bundle	333.264367816092	6	bundle
burned!	370.2111111111111	7	burned!
burner	324.8780487804878	6	burner
burning	354.05494505494505	7	burning
burns	334.14285714285717	5	burns
burnt!	348.1666666666667	6	burnt!
burst	316.57142857142856	5	burst
burst.	331.75625	6	burst.
busy	353.1583011583012	4	busy
but	333.43941668453783	3	but
butter	300.8536585365854	6	butter
buy	324.05314009661834	3	buy
buyers	319.8831168831169	6	buyers
buyers.	387.92105263157896	7	buyers.
buzz	335.0851063829787	4	buzz
by	327.5554202192448	2	by
by,	372.14444444444445	3	by,
call	320.8494318181818	4	call
called	337.66568914956014	6	called
called,	320.9526627218935	7	called,
calm	307.3611111111111	4	calm
calm,	326.75	5	calm,
came	343.408560311284	4	came
camouflage,	363.9166666666667	11	camouflage,
can	327.1712962962963	3	can
can't	347.8875	5	can't
candle-like	389.03333333333336	11	candle-like
candy	317.1720430107527	5	candy
cannot	304.1666666666667	6	cannot
capable	271.3918918918919	7	capable
car	303.6666666666667	3	car
car.	451.69736842105266	4	car.
carcass	335.98837209302326	7	carcass
cards	313.8068181818182	5	cards
careful	310.6707317073171	7	careful
careful,	317.66265060240966	8	careful,
carefully	362.8181818181818	9	carefully
carriages	402.9247311827957	9	carriages
carried	339.94505494505495	7	carried
carry	312.90944881889766	5	carry
carry.	404.0777777777778	6	carry.
carrying	363.0989010989011	8	carrying
case	333.1386554621849	4	case
cases	320.7916666666667	5	cases
cast	341.6575342465753	4	cast
catch	316.2168674698795	5	catch
cause.	389.80281690140845	6	cause.
caused	311.1808510638298	6	caused
causing	303.63013698630135	7	causing
celebrate	342.9529411764706	9	celebrate
celebrating	345.4507042253521	11	celebrating
century	410.37974683544303	7	century
certain	315.443661971831	7	certain
certainly	355.17283950617286	9	certainly
chair	314.32978723404256	5	chair
chair.	326.26881720430106	6	chair.
chairs	324.73118279569894	6	chairs
challenging	398.5	11	challenging
chance	323.2055555555556	6	chance
changed	378.010989010989	7	changed
changed,	391.8021978021978	8	changed,
changes	301.57894736842104	7	changes
characterized	380.7448275862069	13	characterized
check	295.41975308641975	5	check
cheering	280.6849315068493	8	cheering
cheers	284.5068493150685	6	cheers
chest	305.0365853658537	5	chest
chicanery	440.1764705882353	9	chicanery
child	339.7111111111111	5	child
child's	334.2717391304348	7	child's
child,	354.1630434782609	6	child,
childhood	370.06756756756755	9	childhood
childhood.	433.5138888888889	10	childhood.
chirping	324.16201117318434	8	chirping
chocolate	499.7362637362637	9	chocolate
choice	271.9866666666667	6	choice
chosen	406.5632183908046	6	chosen
chronic	382.0408163265306	7	chronic
church	412.96590909090907	6	church
cigarette.	347.7741935483871	10	cigarette.
circle.	332.4945054945055	7	circle.
city	329.23664122137404	4	city
clacking,	433.95454545454544	9	clacking,
claimed	324.43518518518516	7	claimed
claims	329.1920529801325	6	claims
claims,	413.67123287671234	7	claims,
class	334.4642857142857	5	class
class,	331.3614457831325	6	class,
classic	308.4736842105263	7	classic
classified	334.0888888888889	10	classified
clatter	315.20652173913044	7	clatter
clattered	414.81176470588235	9	clattered
clattering	356.35164835164835	10	clattering
clean	328.5443786982249	5	clean
cleaning	332.86746987951807	8	cleaning
clear	341.7534626038781	5	clear
clear,	311.0617283950617	6	clear,
cleared	326.9024390243902	7	cleared
clears	321.1566265060241	6	clears
clever	335.76190476190476	6	clever
cliff	345.8021978021978	5	cliff
climate.	391.6625	8	climate.
climbed	318.8188679245283	7	climbed
clinging	342.89820359281435	8	clinging
clinicians	458.8169014084507	10	clinicians
clone	380.6753246753247	5	clone
close	325.6823529411765	5	close
closed	302.87654320987656	6	closed
closer	307.4945054945055	6	closer
cloud	350.95454545454544	5	cloud
cloud,	337.032967032967	6	cloud,
clouds,	379.85945945945946	7	clouds,
co-occurs	400.04285714285714	9	co-occurs
coat	342.7567567567568	4	coat
cold	338.0670826833073	4	cold
cold,	364.97777777777776	5	cold,
cold.	394.5168539325843	5	cold.
collapsed,	367.61538461538464	10	collapsed,
collapsed.	417.525	10	collapsed.
collars	394.3521126760563	7	collars
collection	307.1898734177215	10	collection
colors,	383.9746835443038	7	colors,
combination	329.35714285714283	11	combination
combined	340.5629139072848	8	combined
come	318.9005988023952	4	come
come,	455.40909090909093	5	come,
comfort	369.1066666666667	7	comfort
coming	327.5280898876405	6	coming
commence.	387.8953488372093	9	commence.
commerce	354.88461538461536	8	commerce
common	336.0979020979021	6	common
commonly	364.01428571428573	8	commonly
comparable	356.90410958904107	10	comparable
competition	377.17241379310343	11	competition
complete	305.8085106382979	8	complete
completely	364.3614457831325	10	completely
complex	352.5753424657534	7	complex
complex.	364.3285714285714	8	complex.
compression	391.9577464788732	11	compression
computerized	450.34722222222223	12	computerized
concert	320.67123287671234	7	concert
concert,	382.64	8	concert,
concluded	357.5241379310345	9	concluded
conclusion,	342.84285714285716	11	conclusion,
conclusions	345.73333333333335	11	conclusions
condition	365.24545454545455	9	condition
condition,	352.3312101910828	10	condition,
condition.	372.7945205479452	10	condition.
conditions	324.9086757990868	10	conditions
conduct	341.0	7	conduct
conducted	338.7857142857143	9	conducted
conference	341.85135135135135	10	conference
confident	295.2027027027027	9	confident
confirmed	344.5430463576159	9	confirmed
confused	365.32142857142856	8	confused
confusion	351.8304347826087	9	confusion
conjectured	381.20652173913044	11	conjectured
connection	343.56	10	connection
considered	393.65359477124184	10	considered
considering	319.24657534246575	11	considering
conspiracy	330.62666666666667	10	conspiracy
constituted	365.0	11	constituted
consulted	387.57142857142856	9	consulted
contained	338.30120481927713	9	contained
contamination	370.2191780821918	13	contamination
contest	328.54117647058825	7	contest
contested.	416.46666666666664	10	contested.
continue	325.51973684210526	8	continue
continuing	346.22972972972974	10	continuing
contract	386.42138364779873	8	contract
contract,	364.4868421052632	9	contract,
contracted	372.4078947368421	10	contracted
contracts	364.7435897435897	9	contracts
controversial	342.43243243243245	13	controversial
controversy	357.88	11	controversy
convinced	352.9759036144578	9	convinced
coordinated	394.7323943661972	11	coordinated
coot	476.19565217391306	4	coot
coprolalia,	504.9577464788732	11	coprolalia,
corn	311.6521739130435	4	corn
corner	311.8791208791209	6	corner
corners	313.1162790697674	7	corners
corpses,	406.1917808219178	8	corpses,
correct	357.3285714285714	7	correct
cost,	307.55263157894734	5	cost,
could	321.15356671070015	5	could
could've	339.8	8	could've
could.	334.93548387096774	6	could.
count	354.719512195122	5	count
counter-argument	407.84507042253523	16	counter-argument
countryside	414.54761904761904	11	countryside
couple	310.7848101265823	6	couple
course	370.2	6	course
court	326.2207792207792	5	court
court.	368.6619718309859	6	court.
cover	335.15	5	cover
cover-up	319.0945945945946	8	cover-up
cover-up.	369.86486486486484	9	cover-up.
covering	316.8333333333333	8	covering
coveted	346.2692307692308	7	coveted
cozy,	312.3375	5	cozy,
crack	321.0120481927711	5	crack
craft	354.8933333333333	5	craft
craftsman.	439.20512820512823	10	craftsman.
crash.	383.37333333333333	6	crash.
crashed	349.1801801801802	7	crashed
crashed.	338.16438356164383	8	crashed.
created	339.3170731707317	7	created
creative	316.2530120481928	8	creative
creature	340.206106870229	8	creature
credibility	378.83561643835617	11	credibility
creeping	362.59090909090907	8	creeping
crept	351.9230769230769	5	crept
crept.	363.2386363636364	6	crept.
cried	349.8066666666667	5	cried
cried,	365.92836676217763	6	cried,
cried.	295.18823529411765	6	cried.
critics	375.6111111111111	7	critics
critics,	315.9583333333333	8	critics,
crowd	305.2837837837838	5	crowd
crowd,	303.94444444444446	6	crowd,
crowds	378.4805194805195	6	crowds
crying	387.09090909090907	6	crying
cuckoo,	409.14772727272725	7	cuckoo,
cultivated,	410.13157894736844	11	cultivated,
cultivating	388.9605263157895	11	cultivating
cultivation	418.8625	11	cultivation
culture	326.58666666666664	7	culture
cunning	324.9651162790698	7	cunning
cunning,	339.8670520231214	8	cunning,
cunning.	376.60227272727275	8	cunning.
curious,	316.05555555555554	8	curious,
curls	354.9782608695652	5	curls
current	469.4714285714286	7	current
curtain.	353.7972972972973	8	curtain.
curtains	319.4931506849315	8	curtains
curve	323.0243902439024	5	curve
cut	316.27624309392263	3	cut
cut,	305.3723404255319	4	cut,
cut.	338.0869565217391	4	cut.
cute	372.28395061728395	4	cute
cute,	383.30120481927713	5	cute,
cutting	281.5882352941176	7	cutting
damn	369.0860215053763	4	damn
damp,	305.3333333333333	5	damp,
danced	366.5735294117647	6	danced
dank	371.4725274725275	4	dank
dared	365.3988764044944	5	dared
dark	365.0113122171946	4	dark
darkened	340.53846153846155	8	darkened
darkness	335.1333333333333	8	darkness
darkness,	346.0769230769231	9	darkness,
dashing	345.67391304347825	7	dashing
data	298.39473684210526	4	data
daughter.	408.82666666666665	9	daughter.
dawn	286.967032967033	4	dawn
dawn,	350.65060240963857	5	dawn,
day	330.60435779816515	3	day
day,	328.00689655172414	4	day,
day.	574.3538461538461	4	day.
daylights	331.4431818181818	9	daylights
days	322.1566265060241	4	days
de	452.94444444444446	2	de
dead.	412.06666666666666	5	dead.
deadly	312.6	6	deadly
death-bed	530.3472222222222	9	death-bed
debris	344.03678160919543	6	debris
debris,	440.32	7	debris,
debts	316.06666666666666	5	debts
deceptively	369.6219512195122	11	deceptively
decide	320.04545454545456	6	decide
decided	329.09375	7	decided
decision.	325.2048192771084	9	decision.
declaring	310.64473684210526	9	declaring
decree	394.5263157894737	6	decree
deepest	371.04545454545456	7	deepest
deflated	346.4266666666667	8	deflated
dejectedly,	440.5263157894737	11	dejectedly,
demand	337.6470588235294	6	demand
demanded.	315.0235294117647	9	demanded.
demons	361.53846153846155	6	demons
demonstrably	400.2916666666667	12	demonstrably
denied	338.4698795180723	6	denied
depression	341.943661971831	10	depression
descended	356.0246913580247	9	descended
described	387.6986301369863	9	described
described,	324.5263157894737	10	described,
description.	375.4189189189189	12	description.
desperate,	337.4736842105263	10	desperate,
desperately.	342.28723404255317	12	desperately.
despised	389.7586206896552	8	despised
despondently	388.56043956043953	12	despondently
detect	317.4	6	detect
development	309.7536231884058	11	development
developmental	393.31081081081084	13	developmental
deviate	367.32911392405066	7	deviate
diagnosed	380.7808219178082	9	diagnosed
diagnosis	329.42723004694835	9	diagnosis
diagnosis.	356.5642857142857	10	diagnosis.
diagnostic	351.50704225352115	10	diagnostic
did	328.8094768015795	3	did
didn't	307.44354838709677	6	didn't
die	317.4712643678161	3	die
died	302.88079470198676	4	died
different	322.9895833333333	9	different
different.	344.6986301369863	10	different.
difficult	312.3766233766234	9	difficult
difficulties	357.4507042253521	12	difficulties
dig	320.60227272727275	3	dig
dining	360.37894736842105	6	dining
directed	299.94444444444446	8	directed
directly	327.7887323943662	8	directly
dirt	368.2857142857143	4	dirt
disabling	343.95862068965516	9	disabling
disagreements	368.50666666666666	13	disagreements
disappear	392.8421052631579	9	disappear
disappear,	376.54819277108436	10	disappear,
disc'	381.77027027027026	5	disc'
discern	303.1463414634146	7	discern
discovered	335.28389830508473	10	discovered
discrepancy	345.97222222222223	11	discrepancy
discussions.	871.6176470588235	12	discussions.
dismissively,	379.3780487804878	13	dismissively,
disorder	463.63513513513516	8	disorder
disorder,	371.0425531914894	9	disorder,
disorder.	404.9850746268657	9	disorder.
disorders,	350.9718309859155	10	disorders,
disorders.	338.4492753623188	10	disorders.
distance,	339.0769230769231	9	distance,
distant	349.5681818181818	7	distant
distinct,	404.76056338028167	9	distinct,
dizzy.	365.2826086956522	6	dizzy.
do	352.46153846153845	2	do
doctors	374.0567375886525	7	doctors
documents	343.0	9	documents
does	306.1066666666667	4	does
doing	317.86486486486484	5	doing
dollar	315.0659340659341	6	dollar
dominant	441.0869565217391	8	dominant
don't	368.55555555555554	5	don't
done	354.3276836158192	4	done
door	306.52208835341366	4	door
door.	331.59574468085106	5	door.
doorway	329.2926829268293	7	doorway
doorway.	302.69879518072287	8	doorway.
doubt	342.29545454545456	5	doubt
down	324.9023539668701	4	down
down,	313.4136690647482	5	down,
down.	441.6463414634146	5	down.
downtown	482.505376344086	8	downtown
dramatic	330.2083333333333	8	dramatic
dramatically.	329.75	13	dramatically.
draw	335.2168674698795	4	draw
drawing	340.60843373493975	7	drawing
drawn	339.4583333333333	5	drawn
dreaded!'	361.5764705882353	9	dreaded!'
dreadful	397.0111111111111	8	dreadful
dress	382.7032967032967	5	dress
drew	318.2443181818182	4	drew
drink	352.45882352941175	5	drink
driven	280.1333333333333	6	driven
driving	335.2236842105263	7	driving
drop	406.40437158469945	4	drop
dropped	289.68674698795184	7	dropped
drops	327.67808219178085	5	drops
drops,	381.5625	6	drops,
dry	333.9054054054054	3	dry
dubious	386.19444444444446	7	dubious
dubiously.	344.47058823529414	10	dubiously.
duck	380.96590909090907	4	duck
ducks	331.60674157303373	5	ducks
ducks'	330.7173913043478	6	ducks'
dug	305.6043956043956	3	dug
dull	312.94565217391306	4	dull
dummies	401.48571428571427	7	dummies
during	354.47333333333336	6	during
dust	324.30864197530866	4	dust
dust,	328.2325581395349	5	dust,
dying,'	379.13186813186815	7	dying,'
each	320.91291291291293	4	each
eagle	355.53714285714284	5	eagle
eagle's	362.1136363636364	7	eagle's
eagle,	395.53714285714284	6	eagle,
ear	305.3155080213904	3	ear
ear.	322.3333333333333	4	ear.
earlier.	383.51807228915663	8	earlier.
early	363.7574931880109	5	early
earned	341.5202312138728	6	earned
earnest	393.3625	7	earnest
ears	320.8488372093023	4	ears
ears,	318.2823529411765	5	ears,
earth	329.4451038575668	5	earth
earth,	333.34615384615387	6	earth,
earth.	379.50558659217876	6	earth.
earthly,	355.7	8	earthly,
easily	350.6388888888889	6	easily
easy	316.56969696969696	4	easy
echolalia,	430.47222222222223	10	echolalia,
economic	352.2931034482759	8	economic
economists	341.13157894736844	10	economists
edge.'	329.5875	6	edge.'
effectively.	367.780487804878	12	effectively.
effects	327.37857142857143	7	effects
effects,	340.84057971014494	8	effects,
effort	315.55405405405406	6	effort
eighteen	359.62820512820514	8	eighteen
eighth,	510.49333333333334	7	eighth,
eighties	370.82608695652175	8	eighties
eighty,	417.16901408450707	7	eighty,
eighty-six-year-old	596.4444444444445	19	eighty-six-year-old
either	308.0	6	either
elderly	339.0416666666667	7	elderly
electroencephalograms,	432.9718309859155	22	electroencephalograms,
elephant	317.85185185185185	8	elephant
elephant,	435.4691358024691	9	elephant,
elevated	372.02666666666664	8	elevated
else	323.1927710843373	4	else
emaciated	526.1195652173913	9	emaciated
emanate	367.5	7	emanate
emerged	383.31944444444446	7	emerged
emerged,	339.24657534246575	8	emerged,
emptied	363.44565217391306	7	emptied
encountered	364.29761904761904	11	encountered
encouraged	382.8809523809524	10	encouraged
encouraging,	393.8658536585366	12	encouraging,
encouragingly	334.46666666666664	13	encouragingly
end	310.712895377129	3	end
end,	331.97333333333336	4	end,
ended!'	313.26506024096386	7	ended!'
ended,	320.3636363636364	6	ended,
enforce	329.2077922077922	7	enforce
enforceable	319.6756756756757	11	enforceable
engaged	332.5733333333333	7	engaged
enjoy	287.2162162162162	5	enjoy
enjoyed	332.6	7	enjoyed
enormous	329.6	8	enormous
enough	369.6510067114094	6	enough
enough,	345.7608695652174	7	enough,
enter	317.7142857142857	5	enter
entered	328.77906976744185	7	entered
entrance	379.4021739130435	8	entrance
enveloped,	423.9230769230769	10	enveloped,
environmental	343.84892086330933	13	environmental
erase	328.0933333333333	5	erase
establish	314.1142857142857	9	establish
established	337.15	11	established
estimated	355.8904109589041	9	estimated
even	340.17014270032934	4	even
evening	378.44565217391306	7	evening
evening,	369.08677685950414	8	evening,
evenings,	301.3777777777778	9	evenings,
event	324.65384615384613	5	event
events	328.27314814814815	6	events
ever	361.7362637362637	4	ever
ever,	317.18823529411765	5	ever,
every	322.20661157024796	5	every
everybody,	390.78723404255317	10	everybody,
everyday	399.8095238095238	8	everyday
everyone	351.95402298850576	8	everyone
everything	296.2191780821918	10	everything
evidence	315.3868613138686	8	evidence
evolved	356.6901408450704	7	evolved
exalted	392.0	7	exalted
examine	325.81065088757396	7	examine
example,	345.0365296803653	8	example,
examples.	339.26582278481015	9	examples.
excited	364.77407407407406	7	excited
excitedly	366.68674698795184	9	excitedly
excitement	352.6986301369863	10	excitement
exclaimed,	341.57142857142856	10	exclaimed,
exclaimed.	391.73493975903614	10	exclaimed.
exhibit	349.0	7	exhibit
existence	324.95522388059703	9	existence
expectations	325.1081081081081	12	expectations
expected	319.2298850574713	8	expected
expected,	389.7386363636364	9	expected,
expected.	320.72	9	expected.
expensive	377.3975903614458	9	expensive
expensive,	406.1829268292683	10	expensive,
experience	354.8098591549296	10	experience
experiences	366.125	11	experiences
experimental	394.5068493150685	12	experimental
expertise	340.8169014084507	9	expertise
explained	326.94444444444446	9	explained
explanations,	355.0	13	explanations,
exposed	317.36619718309856	7	exposed
expressed.	379.8550724637681	10	expressed.
expression	339.2857142857143	10	expression
expression,	350.1290322580645	11	expression,
extended	345.5753424657534	8	extended
extent,	329.46835443037975	7	extent,
extra	312.2926829268293	5	extra
extra-terrestrial	467.06756756756755	17	extra-terrestrial
extraordinarily	388.65	15	extraordinarily
extraordinary	305.55263157894734	13	extraordinary
extremely	320.1195652173913	9	extremely
extremities.	391.6478873239437	12	extremities.
eye	334.5440251572327	3	eye
eyes	307.27906976744185	4	eyes
eyes.	314.80859375	5	eyes.
face	322.6551724137931	4	face
face,	314.8793774319066	5	face,
face.	353.3103448275862	5	face.
faced	327.22093023255815	5	faced
facial	375.42657342657344	6	facial
fact	317.92986425339365	4	fact
fact,	315.9066666666667	5	fact,
fact.	350.0281690140845	5	fact.
facto	459.27272727272725	5	facto
factors	335.0882352941176	7	factors
failure.	460.52	8	failure.
fair	353.9714285714286	4	fair
fall	304.7266666666667	4	fall
fall,	349.9222222222222	5	fall,
fallen	312.4888888888889	6	fallen
falling	374.98285714285714	7	falling
falls,	306.685393258427	6	falls,
false	343.3972602739726	5	false
fame	342.9378881987578	4	fame
fame.	318.2261904761905	5	fame.
families	331.73972602739724	8	families
family	317.0279069767442	6	family
famous	325.22983870967744	6	famous
fanned	340.34065934065933	6	fanned
far	305.0989010989011	3	far
faraway	390.47727272727275	7	faraway
fashionably	429.89772727272725	11	fashionably
fast	329.7505518763797	4	fast
father	331.9	6	father
fear	313.8181818181818	4	fear
feared	329.36046511627904	6	feared
feared,	413.3191489361702	7	feared,
fears	319.7613636363636	5	fears
fearsome	397.271676300578	8	fearsome
feathers	337.09090909090907	8	feathers
feathers.	365.28409090909093	9	feathers.
featuring	345.2972972972973	9	featuring
fed	343.63529411764705	3	fed
fee	308.64935064935065	3	fee
fee.	384.986301369863	4	fee.
feel	297.43891402714934	4	feel
feel.	306.13698630136986	5	feel.
feeling	305.40645161290325	7	feeling
feet	320.787037037037	4	feet
feet,	408.021897810219	5	feet,
fell	328.35238095238094	4	fell
fellow	389.9230769230769	6	fellow
felt	329.36326530612246	4	felt
females	310.55555555555554	7	females
ferocity	402.26190476190476	8	ferocity
few	321.16506189821183	3	few
field's	335.75342465753425	7	field's
field.	379.8837209302326	6	field.
fields	347.5	6	fields
fifteen	639.7179487179487	7	fifteen
fifties,	375.23943661971833	8	fifties,
fighting	305.4673913043478	8	fighting
figure	322.56382978723406	6	figure
figure,	352.81944444444446	7	figure,
figured	334.2	7	figured
filled	302.21768707482994	6	filled
final	316.7027027027027	5	final
finally	333.1909090909091	7	finally
find	314.37564322469984	4	find
find,	361.14130434782606	5	find,
find.'	345.0121951219512	6	find.'
fine	359.6761363636364	4	fine
fine.	322.8157894736842	5	fine.
finger.	373.8804347826087	7	finger.
finished	304.9573170731707	8	finished
fire	332.9810606060606	4	fire
fire.	367.2247191011236	5	fire.
first	326.12462462462463	5	first
first,	332.1174089068826	6	first,
fish	417.2371541501976	4	fish
fish.	442.91358024691357	5	fish.
fishes	423.0879120879121	6	fishes
flame	314.53846153846155	5	flame
flame,	350.4835164835165	6	flame,
flames	334.2911392405063	6	flames
flames,	329.8414634146341	7	flames,
flapping	335.11494252873564	8	flapping
flew	326.3675799086758	4	flew
flew,	317.52272727272725	5	flew,
flies	318.4712643678161	5	flies
float	301.9347826086956	5	float
floated	355.92391304347825	7	floated
floating	346.45454545454544	8	floating
flock	336.09090909090907	5	flock
flocks	329.51162790697674	6	flocks
floor	300.2910447761194	5	floor
floor,	298.80645161290323	6	floor,
flour	344.1436464088398	5	flour
flowed	298.31081081081084	6	flowed
flower	334.62025316455697	6	flower
flower's	365.6621621621622	8	flower's
flower,	393.0131578947368	7	flower,
flowering	337.57142857142856	9	flowering
flowers	347.012987012987	7	flowers
flowers,	354.7631578947368	8	flowers,
fly	324.8228571428571	3	fly
flying	325.70359281437123	6	flying
foaming	333.31111111111113	7	foaming
focused	373.5833333333333	7	focused
folding	359.0681818181818	7	folding
folk	336.04651162790697	4	folk
followed	315.5824175824176	8	followed
followed.	401.7435897435897	9	followed.
food	315.31481481481484	4	food
fooled	340.77777777777777	6	fooled
for	327.69667640613585	3	for
forest	331.2967032967033	6	forest
forest.	354.22222222222223	7	forest.
forgot	300.3988764044944	6	forgot
forgotten	317.9127516778523	9	forgotten
form	336.1621621621622	4	form
formal	331.7236842105263	6	formal
forms	330.73873873873873	5	forms
fortunate,	402.75824175824175	10	fortunate,
fortune.	321.8705882352941	8	fortune.
forty	355.40277777777777	5	forty
forty-one	420.02597402597405	9	forty-one
forty-seven	371.951724137931	11	forty-seven
forty-seven,	424.55555555555554	12	forty-seven,
forty-seven.	509.5972850678733	12	forty-seven.
forty-seven.'	388.61971830985914	13	forty-seven.'
found	324.42942942942943	5	found
found.	330.36416184971097	6	found.
founded	369.85333333333335	7	founded
four	352.3695652173913	4	four
fraction	301.62820512820514	8	fraction
free	331.01063829787233	4	free
frequency,	334.9583333333333	10	frequency,
fresh	324.3764705882353	5	fresh
friends	338.8545454545455	7	friends
frightened	349.4725274725275	10	frightened
frogs	335.32608695652175	5	frogs
from	334.70936227951154	4	from
from.	322.4102564102564	5	from.
frowning,	365.44565217391306	9	frowning,
frozen	326.4166666666667	6	frozen
frozen,	330.0978260869565	7	frozen,
fry	379.3863636363636	3	fry
fuel	296.8658536585366	4	fuel
full	311.69101123595505	4	full
fully	329.85714285714283	5	fully
fuming	365.04545454545456	6	fuming
fun!'	359.2409638554217	5	fun!'
functioning.	417.55555555555554	12	functioning.
funny	320.5108695652174	5	funny
furious	317.1195652173913	7	furious
furious.	491.4782608695652	8	furious.
future	316.88157894736844	6	future
futures	410.56410256410254	7	futures
gambling,	365.8918918918919	9	gambling,
garden,	432.11392405063293	7	garden,
gathered	314.2298850574713	8	gathered
gathered.	414.32183908045977	9	gathered.
gave	333.787037037037	4	gave
geese	312.5217391304348	5	geese
gelid	625.7640449438202	5	gelid
gene	324.05	4	gene
general	316.74285714285713	7	general
generally	386.66396761133603	9	generally
generated	338.2957746478873	9	generated
genes	321.33009708737865	5	genes
genetic	322.555023923445	7	genetic
genetically	316.9130434782609	11	genetically
genial	357.93617021276594	6	genial
gentle	349.8333333333333	6	gentle
get	323.96153846153845	3	get
get.	355.7578947368421	4	get.
getting	328.962962962963	7	getting
giant	350.3152173913044	5	giant
giraffe?'	351.64	9	giraffe?'
girl	316.25578831312015	4	girl
girl!	388.07608695652175	5	girl!
girl's	335.0	6	girl's
girl,	350.5027932960894	5	girl,
girl.	318.8314606741573	5	girl.
girls	289.59090909090907	5	girls
girls,	315.75342465753425	6	girls,
give	292.0537634408602	4	give
given	342.7293233082707	5	given
given,'	357.4096385542169	7	given,'
given.	364.54545454545456	6	given.
giving	320.77639751552795	6	giving
glass	365.3975903614458	5	glass
glass,'	327.34567901234567	7	glass,'
glasses	325.6666666666667	7	glasses
glory	321.6989247311828	5	glory
glowed	332.05555555555554	6	glowed
go	316.98099260823653	2	go
gobbled	349.855421686747	7	gobbled
going	305.70723684210526	5	going
golden	323.1	6	golden
gone	308.33203125	4	gone
gonna	285.1595744680851	5	gonna
good	325.9888475836431	4	good
good.	421.31111111111113	5	good.
goose	390.4438202247191	5	goose
got	323.9118028534371	3	got
government	327.0783410138249	10	government
grand,	370.14285714285717	6	grand,
grandmother	339.5827205882353	11	grandmother
grandmother,	367.1032608695652	12	grandmother,
gravel.	393.8734939759036	7	gravel.
gray	342.54945054945057	4	gray
great	364.47457627118644	5	great
greater	315.8181818181818	7	greater
greatly	405.97402597402595	7	greatly
green	800.3510638297872	5	green
green.	444.6236559139785	6	green.
grew	319.2672811059908	4	grew
grimacing	394.81944444444446	9	grimacing
grimacing,	472.94444444444446	10	grimacing,
grinding	335.9120879120879	8	grinding
grinned	350.63829787234044	7	grinned
ground	312.2637362637363	6	ground
ground,	330.77653631284915	7	ground,
groups.	346.3493150684931	7	groups.
groups:	440.4805194805195	7	groups:
grow	348.15987460815046	4	grow
growers	370.2564102564103	7	growers
growers'	380.30263157894734	8	growers'
grown	312.6422764227642	5	grown
grows	344.2857142857143	5	grows
grunting	400.6849315068493	8	grunting
guard	314.59302325581393	5	guard
guarded	326.08045977011494	7	guarded
guile	392.80898876404495	5	guile
guilty,	393.5923566878981	7	guilty,
gurgling	319.3296703296703	8	gurgling
guy	348.4114583333333	3	guy
ha!'	330.890243902439	4	ha!'
had	325.14402205122315	3	had
had,	338.5704697986577	4	had,
hair	314.2093023255814	4	hair
hair,	359.3804347826087	5	hair,
hair.	310.1758241758242	5	hair.
haircut	361.1607142857143	7	haircut
haircut,	325.3404255319149	8	haircut,
haircut.	385.9153439153439	8	haircut.
half	332.07865168539325	4	half
hall	300.16738197424894	4	hall
hand	297.7303370786517	4	hand
handed	311.02659574468083	6	handed
hands	322.9325842696629	5	hands
hands!'	372.46153846153845	7	hands!'
handsome	355.4823529411765	8	handsome
hang	331.2530120481928	4	hang
happen?	315.641975308642	7	happen?
happy	348.2295081967213	5	happy
hard	296.73895582329317	4	hard
harsher	355.87179487179486	7	harsher
has	327.51466666666664	3	has
hated	360.18918918918916	5	hated
hateful	330.94736842105266	7	hateful
hating	342.9651162790698	6	hating
have	319.7889809146561	4	have
have.	374.63157894736844	5	have.
haven't	365.0487804878049	7	haven't
having	311.94152046783626	6	having
hawk	356.25	4	hawk
he	326.7274728500147	2	he
he's	328.1309523809524	4	he's
head	338.9365558912387	4	head
head,	354.0855614973262	5	head,
head.	413.0734463276836	5	head.
head.'	316.1190476190476	6	head.'
heads	349.8666666666667	5	heads
hear	308.7302052785924	4	hear
heard	311.43488372093026	5	heard
hearing	327.0138888888889	7	hearing
hearsay	399.4166666666667	7	hearsay
heart	344.69827586206895	5	heart
heart,	394.2197802197802	6	heart,
heavens,	321.9	8	heavens,
heavy	332.338747099768	5	heavy
hedge-king!'	964.2941176470588	12	hedge-king!'
hedge-king,	525.3626373626373	11	hedge-king,
hedges,	329.5287356321839	7	hedges,
held	318.38188976377955	4	held
hell.	409.8395061728395	5	hell.
help	313.05	4	help
help.	334.95348837209303	5	help.
helped	319.88461538461536	6	helped
helping	339.7162162162162	7	helping
helpless.	451.53333333333336	9	helpless.
her	328.48713849731143	3	her
her,	342.7742663656885	4	her,
her.	360.3939393939394	4	her.
here	308.1939393939394	4	here
herself	308.5357142857143	7	herself
herself,	343.5934065934066	8	herself,
herself,'	363.1098901098901	9	herself,'
herself.	403.2289156626506	8	herself.
hesitantly	382.7866666666667	10	hesitantly
hid	322.56111111111113	3	hid
hidden	354.7186311787072	6	hidden
hide	340.00583090379007	4	hide
hide-and-seek	363.75	13	hide-and-seek
hides	317.53409090909093	5	hides
hiding	310.3179190751445	6	hiding
high	332.3141654978962	4	high
high-altitude	438.12	13	high-altitude
higher	333.30795847750863	6	higher
higher,	353.48275862068965	7	higher,
higher.	397.20212765957444	7	higher.
higher?	386.35227272727275	7	higher?
highest	342.21590909090907	7	highest
highly	362.126582278481	6	highly
hillside,	349.47777777777776	9	hillside,
hillside.	341.7826086956522	9	hillside.
him	323.96881644223953	3	him
him,	332.52134831460677	4	him,
him.	348.6952380952381	4	him.
himself	343.90084985835693	7	himself
himself,	319.83529411764704	8	himself,
his	328.9110746128578	3	his
hissing,	412.42045454545456	8	hissing,
hit	311.6149732620321	3	hit
hoaxes	375.6	6	hoaxes
holding	326.8076923076923	7	holding
hole	316.46264367816093	4	hole
hole,	398.54545454545456	5	hole,
hole.	336.55172413793105	5	hole.
home	331.2869318181818	4	home
home,	377.1310861423221	5	home,
home.	317.2967032967033	5	home.
hoovered	421.9759036144578	8	hoovered
hope	313.80281690140845	4	hope
hopping	386.625	7	hopping
hopping,	438.80281690140845	8	hopping,
horse	364.0681818181818	5	horse
horses,	345.06451612903226	7	horses,
hosts	352.9428571428571	5	hosts
hour	343.5744680851064	4	hour
hours	309.3855421686747	5	hours
houses	338.81081081081084	6	houses
hovel	435.4673913043478	5	hovel
how	327.682261208577	3	how
however,	354.8305882352941	8	however,
hummed	432.3139534883721	6	hummed
hundred	387.23636363636365	7	hundred
hundreds	334.6970954356847	8	hundreds
hung	350.4269662921348	4	hung
hunger!'	379.5681818181818	8	hunger!'
hunger,	328.1666666666667	7	hunger,
hungry.	355.7659574468085	7	hungry.
hunting	309.6666666666667	7	hunting
hunting,'	370.74074074074076	9	hunting,'
huntsman	318.6575240919199	8	huntsman
huntsman's	338.8452380952381	10	huntsman's
huntsman,	345.00589970501477	9	huntsman,
huntsman.	350.9230769230769	9	huntsman.
huntsmen	308.0238095238095	8	huntsmen
hurried	368.7567567567568	7	hurried
hurry	293.73333333333335	5	hurry
hurtful.	343.48	8	hurtful.
hyacinth,	371.8421052631579	9	hyacinth,
hyperactivity	438.38028169014086	13	hyperactivity
ice,	353.90425531914894	4	ice,
idea	311.8503937007874	4	idea
idea,	375.4255319148936	5	idea,
ideal	342.8690476190476	5	ideal
ideal.	403.4021739130435	6	ideal.
identified	338.15277777777777	10	identified
if	315.73181169757487	2	if
ignore	301.89156626506025	6	ignore
ignored,	316.48	8	ignored,
imagine	346.92857142857144	7	imagine
imagine,	289.1358024691358	8	imagine,
imagined	317.4130434782609	8	imagined
imaging,	405.15277777777777	8	imaging,
impact	304.25	6	impact
impatient	312.1341463414634	9	impatient
impending	346.35555555555555	9	impending
important	331.3046357615894	9	important
important,	294.2567567567568	10	important,
impressive	354.43835616438355	10	impressive
improvement	369.9054054054054	11	improvement
impulsivity.	415.22535211267603	12	impulsivity.
in	323.0112018061827	2	in
in,	317.8076923076923	3	in,
inadmissible	405.65277777777777	12	inadmissible
inattention,	566.2394366197183	12	inattention,
incident	343.4584450402145	8	incident
incident.	362.3888888888889	9	incident.
incidents.	380.48	10	incidents.
include	352.64493758668516	7	include
including	373.64150943396226	9	including
income	348.39240506329116	6	income
inconsequential,	438.94444444444446	16	inconsequential,
increasingly	337.31168831168833	12	increasingly
indeed	338.6511627906977	6	indeed
individuals	316.2987012987013	11	individuals
infected	386.35	8	infected
inflated	330.62820512820514	8	inflated
inheritance	376.5149253731343	11	inheritance
inherited	377.74626865671644	9	inherited
injured	347.35714285714283	7	injured
innocently	388.51408450704224	10	innocently
inquiry	338.90140845070425	7	inquiry
insensitive	404.0240963855422	11	insensitive
inside	315.8918918918919	6	inside
insiders	410.28	8	insiders
instance	336.93023255813955	8	instance
instantly,	318.6235294117647	10	instantly,
instead	371.64130434782606	7	instead
intending	339.43589743589746	9	intending
intense	408.0748299319728	7	intense
intentions	321.72527472527474	10	intentions
interactions.	377.8095238095238	13	interactions.
interest.	400.61333333333334	9	interest.
internal	331.3142857142857	8	internal
internally-inconsistent	641.7083333333334	23	internally-inconsistent
interviewed	365.9121621621622	11	interviewed
interviewed,	424.05479452054794	12	interviewed,
into	335.24448897795594	4	into
intrinsic	516.5064935064935	9	intrinsic
introduced	389.8875	10	introduced
introduction,	348.3066666666667	13	introduction,
investigation.	346.1617647058824	14	investigation.
investors	331.1038961038961	9	investors
invited	393.2386363636364	7	invited
involuntary	427.4657534246575	11	involuntary
involuntary,	332.40277777777777	12	involuntary,
involve	330.5	7	involve
involved	323.97902097902096	8	involved
involves	388.84722222222223	8	involves
involving	388.85276073619633	9	involving
iron	319.25	4	iron
irrationally	341.83116883116884	12	irrationally
is	332.0757058641018	2	is
is?	387.30434782608694	3	is?
issue	341.36046511627904	5	issue
issued	360.8378378378378	6	issued
it	316.60325791855206	2	it
it's	343.71140939597313	4	it's
it,	324.33609958506224	3	it,
it,'	324.36	4	it,'
it.	319.3961538461538	3	it.
item	337.17721518987344	4	item
its	325.5936739659367	3	its
jealous	366.1333333333333	7	jealous
jennies	539.3176470588236	7	jennies
jerking.	372.5	8	jerking.
job	311.7241379310345	3	job
join	316.1576086956522	4	join
journalist	345.2236842105263	10	journalist
journey	329.63837638376384	7	journey
joy	304.4945054945055	3	joy
joyous	376.02197802197804	6	joyous
judges	314.92	6	judges
judging	344.1081081081081	7	judging
jumped	317.87951807228916	6	jumped
jumping,	437.5211267605634	8	jumping,
just	308.6138996138996	4	just
keep	324.45772594752185	4	keep
keeps	304.1931818181818	5	keeps
kept	345.37704918032784	4	kept
kill	311.22352941176473	4	kill
killed	320.8169934640523	6	killed
kindly	337.0722222222222	6	kindly
king	370.8857142857143	4	king
king!'	343.07887323943663	6	king!'
king'	438.4431818181818	5	king'
king,	358.3	5	king,
king.	430.9830028328612	5	king.
king.'	346.86206896551727	6	king.'
king?'	397.14285714285717	6	king?'
kneeled	316.6707317073171	7	kneeled
knew	322.972602739726	4	knew
knew,	303.8085106382979	5	knew,
know	315.4193548387097	4	know
know,	364.7362637362637	5	know,
knowing	320.4342105263158	7	knowing
knowledge	342.32876712328766	9	knowledge
known	336.0839416058394	5	known
l'Ecluse	467.4177215189873	8	l'ecluse
la	486.38028169014086	2	la
lab	339.4225352112676	3	lab
laboratory	311.9130434782609	10	laboratory
lady.'	428.2795698924731	6	lady.'
lain	362.3333333333333	4	lain
land	322.6530612244898	4	land
landed	313.5890410958904	6	landed
landing,	342.8791208791209	8	landing,
lands	357.8863636363636	5	lands
lanky	328.4054054054054	5	lanky
lap.	426.8	4	lap.
large	315.04911591355597	5	large
larger	326.04651162790697	6	larger
lark,	367.7613636363636	5	lark,
last	316.71223021582733	4	last
lasting	339.03105590062114	7	lasting
lasts	333.2027027027027	5	lasts
latched	309.2739726027397	7	latched
late	332.84444444444443	4	late
late.	404.0681818181818	5	late.
later	304.2168674698795	5	later
later,	336.530487804878	6	later,
laughed	324.18674698795184	7	laughed
launched	367.65277777777777	8	launched
law.	363.94594594594594	4	law.
lay	337.7150837988827	3	lay
leads	313.09859154929575	5	leads
leaked.	439.64383561643837	7	leaked.
leaning	338.04395604395603	7	leaning
leaped	339.9642857142857	6	leaped
leaping	331.7	7	leaping
learn	304.8936170212766	5	learn
least	314.6561085972851	5	least
leaves	322.6923076923077	6	leaves
leaving	361.0444444444444	7	leaving
left	345.3265306122449	4	left
legend	455.28735632183907	6	legend
legend.	392.7241379310345	7	legend.
legs	345.9120879120879	4	legs
legs.	336.06315789473683	5	legs.
less	331.12587412587413	4	less
lesser	320.36708860759495	6	lesser
let	331.5905882352941	3	let
let's	307.26881720430106	5	let's
levels	373.1794871794872	6	levels
lies	320.98823529411766	4	lies
life	325.2391304347826	4	life
life,	289.7142857142857	5	life,
life.	323.31756756756755	5	life.
lifetime.	399.8918918918919	9	lifetime.
light	322.93537964458807	5	light
light,	352.94505494505495	6	light,
lights	359.68888888888887	6	lights
like	317.5154304277206	4	like
like.	360.4574468085106	5	like.
liked	319.6481994459834	5	liked
likely	321.07067137809184	6	likely
lilac	345.6923076923077	5	lilac
limited	312.52702702702703	7	limited
line.	333.6666666666667	5	line.
lines,	366.28205128205127	6	lines,
little	331.24751958224545	6	little
littlest	312.46590909090907	8	littlest
live	291.6341463414634	4	live
lived	324.90588235294115	5	lived
living	329.89385474860336	6	living
lo	367.02222222222224	2	lo
local	307.4470588235294	5	local
locals,	346.6235294117647	7	locals,
located	424.8735632183908	7	located
location,	324.7857142857143	9	location,
locked.	422.7362637362637	7	locked.
lonely	323.13953488372096	6	lonely
lonesome	402.25	8	lonesome
long	301.54296875	4	long
long,	333.5217391304348	5	long,
long-bearded	441.19767441860466	12	long-bearded
longer	312.9310344827586	6	longer
longer,	339.17045454545456	7	longer,
look	303.7926267281106	4	look
look.	330.50857142857143	5	look.
looked	324.1214109926169	6	looked
looking	356.0730337078652	7	looking
looks	350.6666666666667	5	looks
loquacious.	574.8913043478261	11	loquacious.
lord	310.9761904761905	4	lord
losing	352.84615384615387	6	losing
lost	353.4611111111111	4	lost
lot	323.7105263157895	3	lot
loud	358.67105263157896	4	loud
loudest	275.3918918918919	7	loudest
love	297.15246636771303	4	love
loved	305.8888888888889	5	loved
loved,	302.6195652173913	6	loved,
loving	350.24175824175825	6	loving
low	365.625	3	low
lower	327.9782608695652	5	lower
lower,	328.8791208791209	6	lower,
lowering	356.8	8	lowering
luck	381.1912568306011	4	luck
lucky	301.55555555555554	5	lucky
lungs,	335.1914893617021	6	lungs,
luxury	382.44303797468353	6	luxury
lying	403.8666666666667	5	lying
machine	357.41711229946526	7	machine
made	316.47194244604316	4	made
made-for-TV	370.5733333333333	11	made-for-tv
magnetic	366.9142857142857	8	magnetic
magnifying	330.08641975308643	10	magnifying
main	328.09302325581393	4	main
maintain	403.0810810810811	8	maintain
maintains	359.041095890411	9	maintains
majorities	361.2972972972973	10	majorities
majority	355.64864864864865	8	majority
make	308.52694610778445	4	make
makes	316.2261904761905	5	makes
making	331.79661016949154	6	making
males	322.44444444444446	5	males
man	306.9250749250749	3	man
man,	353.4148936170213	4	man,
man.	343.19354838709677	4	man.
manage	321.84722222222223	6	manage
mania	350.7350427350427	5	mania
mania'	345.16	6	mania'
mania,	333.9736842105263	6	mania,
manor	353.3333333333333	5	manor
many	345.87943925233645	4	many
market,	344.4342105263158	7	market,
market.	338.6533333333333	7	market.
markets,	419.5	8	markets,
marshmallow-like	519.438202247191	16	marshmallow-like
masses	313.1927710843373	6	masses
massive	323.3918918918919	7	massive
master,	378.989010989011	7	master,
match	326.5157728706625	5	match
match?	330.75280898876406	6	match?
matches	359.7142857142857	7	matches
matches,	335.9230769230769	8	matches,
matches.	397.0722222222222	8	matches.
material	368.28169014084506	8	material
matron	349.81623277182234	6	matron
matron,	337.71276595744683	7	matron,
matter	334.7022471910112	6	matter
may	327.11062717770034	3	may
maybe	335.2826086956522	5	maybe
me	303.31254237288135	2	me
me!'	406.59090909090907	4	me!'
me,	299.3936170212766	3	me,
me.	353.4347826086956	3	me.
meadows	378.7816091954023	7	meadows
meal.	355.4835164835165	5	meal.
mean	345.9010989010989	4	mean
meant	330.5857142857143	5	meant
media	404.17333333333335	5	media
meet	343.23333333333335	4	meet
meeting	347.03409090909093	7	meeting
meeting,	418.52272727272725	8	meeting,
meeting.	358.5	8	meeting.
memories	378.09389671361504	8	memories
merchants	330.0769230769231	9	merchants
merry	349.56043956043953	5	merry
message	362.468085106383	7	message
messages	330.1140939597315	8	messages
messages,	341.54	9	messages,
messages.	362.70666666666665	9	messages.
messages?'	369.3333333333333	10	messages?'
messaging	335.4736842105263	9	messaging
met	362.92	3	met
metaphorically	349.36486486486484	14	metaphorically
microphone	320.05405405405406	10	microphone
mid	350.9594594594595	3	mid
middle	296.59119496855345	6	middle
might	339.63169164882225	5	might
mild	339.44594594594594	4	mild
milder	442.4189189189189	6	milder
miles	363.2988505747126	5	miles
military	351.83391003460207	8	military
mill	402.83620689655174	4	mill
mill,	304.7692307692308	5	mill,
million	346.2386363636364	7	million
mind	344.28915662650604	4	mind
minimize	301.8732394366197	8	minimize
minimum	331.8611111111111	7	minimum
minutes	302.622754491018	7	minutes
minutes,	319.3510638297872	8	minutes,
misdiagnose	423.7464788732394	11	misdiagnose
misery.	406.9010989010989	7	misery.
missiles.	368.90140845070425	9	missiles.
missing	322.1904761904762	7	missing
mist	382.5054945054945	4	mist
mistake	348.48809523809524	7	mistake
mobile	379.9078947368421	6	mobile
mockery	347.46153846153845	7	mockery
mode	364.8840579710145	4	mode
moderate	330.13698630136986	8	moderate
modern	352.1842105263158	6	modern
mom	348.06832298136646	3	mom
mom's	341.4340425531915	5	mom's
mom,	337.4875	4	mom,
moment	309.0238095238095	6	moment
moment,	321.5595238095238	7	moment,
money	354.60674157303373	5	money
monster,'	312.6309523809524	9	monster,'
months	326.97333333333336	6	months
months.	407.4736842105263	7	months.
moody	362.0879120879121	5	moody
moors	395.43023255813955	5	moors
more	325.3112874779541	4	more
morning	314.5581395348837	7	morning
morning,	375.3010752688172	8	morning,
most	355.68619246861925	4	most
most,	303.2857142857143	5	most,
mother	344.7168674698795	6	mother
mother's	399.1566265060241	8	mother's
mother,	338.55828220858893	7	mother,
mother.	400.36842105263156	7	mother.
motioned	333.8723404255319	8	motioned
motionless	364.3296703296703	10	motionless
motor	351.6804733727811	5	motor
mountain	342.3736263736264	8	mountain
mountains.	457.3452380952381	10	mountains.
mountainside,	392.1195652173913	13	mountainside,
mounted,	384.2068965517241	8	mounted,
mouse	357.4488636363636	5	mouse
mouse's	372.31178707224336	7	mouse's
mouse.	439.1878453038674	6	mouse.
mouth	355.2298850574713	5	mouth
move	303.48936170212767	4	move
moved	339.2280701754386	5	moved
movement	351.2328767123288	8	movement
movements	353.9861111111111	9	movements
movements,	487.68918918918916	10	movements,
movie	341.2	5	movie
much	366.67622950819674	4	much
multicolored	406.5064935064935	12	multicolored
muscle	351.4657534246575	6	muscle
muscles	340.7887323943662	7	muscles
music	301.81081081081084	5	music
music,	280.14864864864865	6	music,
must	314.378640776699	4	must
my	306.7329518359561	2	my
myself	303.247311827957	6	myself
mysterious	372.8072289156627	10	mysterious
naked	384.77472527472526	5	naked
name	346.0919881305638	4	name
named	414.9710610932476	5	named
nameless	343.33714285714285	8	nameless
names	303.7142857142857	5	names
names,	343.0263157894737	6	names,
names.	438.3333333333333	6	names.
narrative	330.1736111111111	9	narrative
nature	297.72972972972974	6	nature
near	344.4205378973105	4	near
nearby	304.0	6	nearby
nearly	353.51301115241637	6	nearly
neck	352.6056338028169	4	neck
needed	311.19028340080973	6	needed
neither	361.7942857142857	7	neither
nerves	309.704347826087	6	nerves
neurobehavioral	428.72857142857146	15	neurobehavioral
neuroimaging	476.875	12	neuroimaging
neurological	398.56164383561645	12	neurological
neurologist	414.40845070422534	11	neurologist
never	339.9922480620155	5	never
new	325.779766536965	3	new
news.	388.5625	5	news.
next	324.43643643643645	4	next
nickel	320.26344086021504	6	nickel
night	372.64406779661016	5	night
night,	314.14666666666665	6	night,
night.	405.0769230769231	6	night.
nighttime,	403.0113636363636	10	nighttime,
nine	409.43617021276594	4	nine
nineteen	423.36713286713285	8	nineteen
nineties	352.4428571428571	8	nineties
nineties,	388.0232558139535	9	nineties,
ninety-five,	434.2112676056338	12	ninety-five,
ninety-seven	503.6216216216216	12	ninety-seven
ninety-seven,	450.7412587412587	13	ninety-seven,
ninety-three,	526.2658227848101	13	ninety-three,
ninth,	504.3835616438356	6	ninth,
no	333.92153996101365	2	no
no!	351.375	3	no!
noblewoman.	559.6849315068494	11	noblewoman.
noise	364.5977011494253	5	noise
noise.	371.31111111111113	6	noise.
noontime,	360.4642857142857	9	noontime,
nor	336.8045112781955	3	nor
normally	395.968085106383	8	normally
northern	351.09090909090907	8	northern
not	328.9096545615589	3	not
not.	328.7042253521127	4	not.
not?'	326.36170212765956	5	not?'
note	327.1933333333333	4	note
notes	306.4054054054054	5	notes
nothing	301.7133333333333	7	nothing
nothing.	393.79787234042556	8	nothing.
notice	337.6033519553073	6	notice
notice,'	356.3734939759036	8	notice,'
noticed	309.6727272727273	7	noticed
noticed,	350.8904109589041	8	noticed,
notoriety,	359.94594594594594	10	notoriety,
now	322.37028824833703	3	now
now,	335.8493150684931	4	now,
nowhere	321.6453488372093	7	nowhere
nuclear	478.28	7	nuclear
number	356.76687116564415	6	number
number,	352.0133333333333	7	number,
numbers	351.90909090909093	7	numbers
o'clock	348.1170212765957	7	o'clock
object	342.44	6	object
objections	334.6619718309859	10	objections
objects,	405.0422535211268	8	objects,
oblivion	383.72972972972974	8	oblivion
obscured	321.4347826086956	8	obscured
obsessive-compulsive	510.6212121212121	20	obsessive-compulsive
obtained	328.14666666666665	8	obtained
obtained.	368.3150684931507	9	obtained.
occasions	318.44444444444446	9	occasions
occupied	301.65060240963857	8	occupied
occur	316.63380281690144	5	occur
occurred	362.758389261745	8	occurred
occurring	396.3783783783784	9	occurring
ocean	337.39130434782606	5	ocean
ocean,	358.2416666666667	6	ocean,
ocean.	368.3529411764706	6	ocean.
odds	327.8904109589041	4	odds
of	323.0820346320346	2	of
off	311.83096366508687	3	off
offered	317.27848101265823	7	offered
office	322.5744680851064	6	office
office,	328.97872340425533	7	office,
often	328.85191347753744	5	often
old	388.85361216730035	3	old
old,	352.9484536082474	4	old,
older	363.8388429752066	5	older
oldest	325.15	6	oldest
on	327.79327578373466	2	on
on,	336.19662921348316	3	on,
on,'	407.01234567901236	4	on,'
on.'	338.0121951219512	4	on.'
once	359.08379888268155	4	once
once,	342.8965517241379	5	once,
one	326.3334561532793	3	one
one,	336.83240223463685	4	one,
one-colored	484.37974683544303	11	one-colored
one.	430.655737704918	4	one.
ones	334.39080459770116	4	ones
oneself	367.4225352112676	7	oneself
only	325.67203219315894	4	only
onset	348.7972027972028	5	onset
onto	318.6484375	4	onto
onto.	302.6621621621622	5	onto.
open	374.8121212121212	4	open
open,	355.53409090909093	5	open,
opened	322.0702479338843	6	opened
or	359.60859116851907	2	or
order	304.0081300813008	5	order
organize	323.6575342465753	8	organize
original	357.0263157894737	8	original
originally	326.7162162162162	10	originally
ornament.	378.30337078651684	9	ornament.
orphanage	372.272	9	orphanage
orphanage,	337.86021505376345	10	orphanage,
orphans.	370.5806451612903	8	orphans.
other	327.4648051192554	5	other
other,	356.63483146067415	6	other,
other,'	343.54545454545456	7	other,'
others	318.9477124183006	6	others
others,	321.0642857142857	7	others,
others.	376.0340425531915	7	others.
otherwise	348.3333333333333	9	otherwise
our	350.6777777777778	3	our
out	318.9950495049505	3	out
out!'	329.85393258426967	5	out!'
out,	332.9426644182125	4	out,
out.	345.1607843137255	4	out.
out?	310.1219512195122	4	out?
outside	313.5016233766234	7	outside
outside,	350.93333333333334	8	outside,
outwit	331.85057471264366	6	outwit
outwitted	382.5057471264368	9	outwitted
over	312.0765517241379	4	over
over,	306.94520547945206	5	over,
over.	316.64835164835165	5	over.
overcoming	339.2043010752688	10	overcoming
overlooked	339.68674698795184	10	overlooked
oversized	381.0933333333333	9	oversized
overturning	376.8863636363636	11	overturning
owed	293.1506849315069	4	owed
owl	341.7680608365019	3	owl
owl's	300.17045454545456	5	owl's
owl,	366.95454545454544	4	owl,
own	323.33466135458167	3	own
own.	377.458064516129	4	own.
owned	404.39784946236557	5	owned
owners	380.7976878612717	6	owners
owners.	480.58620689655174	7	owners.
pack	309.0705882352941	4	pack
paid	354.72727272727275	4	paid
paid.	339.8666666666667	5	paid.
pain	283.0821917808219	4	pain
pair	319.5820895522388	4	pair
pajama	403.5	6	pajama
pale	333.46666666666664	4	pale
panicked	344.15584415584414	8	panicked
pants,	318.0978260869565	6	pants,
paper	341.890243902439	5	paper
papers,	332.9512195121951	7	papers,
parents	321.8834355828221	7	parents
parents,	365.958904109589	8	parents,
parliamentary	386.4864864864865	13	parliamentary
part	328.27035830618894	4	part
part,	313.5945945945946	5	part,
participate	323.52054794520546	11	participate
particular,	302.5774647887324	11	particular,
particularly	430.23655913978496	12	particularly
parties	301.4805194805195	7	parties
party	361.36486486486484	5	party
passenger	380.60526315789474	9	passenger
past,	358.65555555555557	5	past,
patchy	333.3076923076923	6	patchy
patient	326.2	7	patient
patients	368.521327014218	8	patients
patted	312.3191489361702	6	patted
patter	309.64835164835165	6	patter
pattern	322.9852941176471	7	pattern
patterns	353.8169014084507	8	patterns
pay	322.2692307692308	3	pay
payment	313.8636363636364	7	payment
peaceful	336.86046511627904	8	peaceful
peaceful.	329.4	9	peaceful.
peacefully.	330.94444444444446	11	peacefully.
peak	342.2926829268293	4	peak
peaked	359.35555555555555	6	peaked
peaks	334.3783783783784	5	peaks
pebbles	290.1975308641975	7	pebbles
peeped	359.20454545454544	6	peeped
peered	349.1341463414634	6	peered
peering	293.875	7	peering
penny.	377.0989010989011	6	penny.
people	329.95248538011697	6	people
per	355.2105263157895	3	per
percent	350.42	7	percent
perfectly	366.0740740740741	9	perfectly
perform	315.5246913580247	7	perform
performer.	357.36986301369865	10	performer.
perhaps	310.2432432432432	7	perhaps
period	335.75	6	period
perpetrated.	402.9154929577465	12	perpetrated.
person	323.96860986547085	6	person
person.	325.15492957746477	7	person.
personality,	387.0842105263158	12	personality,
personnel	348.5405405405405	9	personnel
personnel,	367.4551724137931	10	personnel,
pet	374.79661016949154	3	pet
petals,	354.2857142857143	7	petals,
phase,	339.36486486486484	6	phase,
phenomenon	339.3333333333333	10	phenomenon
phenomenon,	352.1081081081081	11	phenomenon,
phone	324.7203166226913	5	phone
phrases	366.50704225352115	7	phrases
phrases.	352.7083333333333	8	phrases.
physical	385.09859154929575	8	physical
physicians	352.7027027027027	10	physicians
physicist	373.93243243243245	9	physicist
pick	283.3690476190476	4	pick
picture	369.23655913978496	7	picture
piece	324.90419161676647	5	piece
pieces	319.1566265060241	6	pieces
pill	308.3636363636364	4	pill
pink	375.15384615384613	4	pink
pioneering	393.5890410958904	10	pioneering
piping,	488.95454545454544	7	piping,
pitch	330.34705882352944	5	pitch
pity	303.2111111111111	4	pity
place	300.1388888888889	5	place
place,	335.0206611570248	6	place,
place.	374.0405405405405	6	place.
placed	348.22340425531917	6	placed
planted	306.2625	7	planted
plausibility	328.63380281690144	12	plausibility
play	329.6304849884527	4	play
play,	371.24175824175825	5	play,
play.	367.5652173913044	5	play.
played	341.0897435897436	6	played
pleased	335.4496124031008	7	pleased
plummeted.	361.52564102564105	10	plummeted.
plunged	345.7307692307692	7	plunged
point	303.2640692640693	5	point
polished	350.85714285714283	8	polished
poll,	389.027397260274	5	poll,
polls,	384.2054794520548	6	polls,
pond	329.11556603773585	4	pond
pond,	310.96590909090907	5	pond,
pool	306.68131868131866	4	pool
poor	335.78228782287823	4	poor
pop	343.86486486486484	3	pop
popular	348.81333333333333	7	popular
popular.	350.47435897435895	8	popular.
popularity,	388.9078947368421	11	popularity,
popularity.	393.8076923076923	11	popularity.
popularized	341.8051948051948	11	popularized
position	323.52702702702703	8	position
positive	313.82191780821915	8	positive
possession	328.5064102564103	10	possession
possible	320.66906474820144	8	possible
possibly	355.2432432432432	8	possibly
post	324.675	4	post
pouch	318.8941176470588	5	pouch
powder,	339.13978494623655	7	powder,
power	353.03314917127074	5	power
powerful	323.0365853658537	8	powerful
practically	340.438202247191	11	practically
practice	315.8936170212766	8	practice
precede,	510.0833333333333	8	precede,
predicted.	404.23809523809524	10	predicted.
predisposition	350.34285714285716	14	predisposition
preferred	337.8292682926829	9	preferred
prefix	363.57142857142856	6	prefix
prefixed	375.8076923076923	8	prefixed
preparing	364.96385542168673	9	preparing
presence	319.4246575342466	8	presence
present	352.06832298136646	7	present
presentation	328.6056338028169	12	presentation
press	367.59183673469386	5	press
pretending	338.4130434782609	10	pretending
pretty	383.1684210526316	6	pretty
price	284.8181818181818	5	price
prices	329.1360103626943	6	prices
prices,	368.35897435897436	7	prices,
prices.	351.4736842105263	7	prices.
pride	284.0	5	pride
primary	319.1392405063291	7	primary
prize	312.919881305638	5	prize
pro-UFO	446.36764705882354	7	pro-ufo
probably	325.9277108433735	8	probably
problem	316.3833333333333	7	problem
problem.	331.8705882352941	8	problem.
problems	337.96215139442234	8	problems
proclaimed	316.54117647058825	10	proclaimed
proclamation	365.70588235294116	12	proclamation
production	302.2916666666667	10	production
professional	343.17105263157896	12	professional
profit.	371.0769230769231	7	profit.
profusion	353.7974683544304	9	profusion
program	346.4551724137931	7	program
programs	373.07142857142856	8	programs
progress	324.93055555555554	8	progress
progressive	356.5890410958904	11	progressive
prominent	386.2464788732394	9	prominent
promised	323.9864864864865	8	promised
promised.'	326.29761904761904	10	promised.'
proof	319.54296875	5	proof
proof,	351.51428571428573	6	proof,
propagated	392.7894736842105	10	propagated
proponents	424.0827586206897	10	proponents
proposed	331.85526315789474	8	proposed
proud	293.46666666666664	5	proud
prove	300.7469879518072	5	prove
psychiatric	349.60869565217394	11	psychiatric
psychological	379.07042253521126	13	psychological
publicity	327.0	9	publicity
publicized	354.56164383561645	10	publicized
publicized.	345.8611111111111	11	publicized.
published	318.0821917808219	9	published
publishing	317.2631578947368	10	publishing
puddle.	356.03333333333336	7	puddle.
pulled	381.5923566878981	6	pulled
pulling	360.18666666666667	7	pulling
punching	344.3380281690141	8	punching
punish	290.0919540229885	6	punish
purchase	313.541935483871	8	purchase
purchases	415.31168831168833	9	purchases
purchasing	370.57142857142856	10	purchasing
purple	355.52564102564105	6	purple
purposeful,	369.42857142857144	11	purposeful,
pursuing	394.4431818181818	8	pursuing
push	287.825	4	push
put	301.39381720430106	3	put
puzzling	375.2068965517241	8	puzzling
question	381.2705882352941	8	question
question,	324.59154929577466	9	question,
question.	376.84507042253523	9	question.
questioned	320.1764705882353	10	questioned
quick	292.8192771084337	5	quick
quick-witted	372.9166666666667	12	quick-witted
quickly	311.71604938271605	7	quickly
quite	351.7519083969466	5	quite
quits,	278.2682926829268	6	quits,
rag	347.3	3	rag
raindrops	324.6060606060606	9	raindrops
raining',	344.53846153846155	9	raining',
raised	308.55555555555554	6	raised
ran	301.3510638297872	3	ran
ran.	386.1868131868132	4	ran.
ranch	351.1756756756757	5	ranch
ranged	339.44444444444446	6	ranged
ranks	327.0135135135135	5	ranks
rapidly	343.9493670886076	7	rapidly
rate.	417.0	5	rate.
rather	323.04635761589407	6	rather
rational	397.7922077922078	8	rational
ravaging	359.86046511627904	8	ravaging
re-sell	328.15584415584414	7	re-sell
reached	371.1575757575758	7	reached
reaching	290.02222222222224	8	reaching
read	316.09589041095893	4	read
ready	295.3790322580645	5	ready
real	310.66274509803924	4	real
realization	330.987012987013	11	realization
realized	320.3736263736264	8	realized
realizing	326.1666666666667	9	realizing
really	319.82758620689657	6	really
really.	346.6263736263736	7	really.
reason	340.8735632183908	6	reason
reasons	327.56164383561645	7	reasons
received	312.01176470588234	8	received
receiving	380.61842105263156	9	receiving
recent	336.80882352941177	6	recent
recently	406.97435897435895	8	recently
recorded	413.95	8	recorded
recounted	350.25	9	recounted
recovered	345.52607709750566	9	recovered
recovered,	335.71140939597313	10	recovered,
recovery	361.3076923076923	8	recovery
red	335.4064748201439	3	red
red,	425.59493670886076	4	red,
refer	292.4078947368421	5	refer
regarded	338.49333333333334	8	regarded
region.	415.66279069767444	7	region.
regret	357.6	6	regret
regretted	329.9189189189189	9	regretted
reign	344.08045977011494	5	reign
rejection	330.79545454545456	9	rejection
rejoiced	336.40588235294115	8	rejoiced
related	321.66847826086956	7	related
relationship	324.76258992805754	12	relationship
relatives,	349.9189189189189	10	relatives,
release	362.9189189189189	7	release
released	315.88732394366195	8	released
reliability	363.5138888888889	11	reliability
reliability,	358.71830985915494	12	reliability,
relief.	329.98765432098764	7	relief.
remain	315.1707317073171	6	remain
remained	330.1978021978022	8	remained
remained,	444.8068181818182	9	remained,
remained:	383.3452380952381	9	remained:
remaining	328.9318181818182	9	remaining
remains	299.2857142857143	7	remains
remarked	358.1666666666667	8	remarked
remembered	336.2875	10	remembered
reminding	317.2567567567568	9	reminding
repeating	347.6111111111111	9	repeating
repetitive	434.13194444444446	10	repetitive
repetitive,	437.7027027027027	11	repetitive,
replied	363.82278481012656	7	replied
replied,	335.96894409937886	8	replied,
replied.	349.8392857142857	8	replied.
report	314.92957746478874	6	report
report,	341.6521739130435	7	report,
reported	340.4172413793103	8	reported
reports	360.5774647887324	7	reports
reports.	337.7916666666667	8	reports.
reprinting	374.97333333333336	10	reprinting
reputation.	362.34939759036143	11	reputation.
request	367.1978021978022	7	request
requests,	348.88	9	requests,
require	348.0281690140845	7	require
required	322.24675324675326	8	required
research	337.3867924528302	8	research
researchers	377.17687074829934	11	researchers
researchers,	383.93055555555554	12	researchers,
residents	365.5	9	residents
resolve	316.2207792207792	7	resolve
resolved	355.5581395348837	8	resolved
resonance	380.75	9	resonance
responded	337.4375	9	responded
response	304.6857142857143	8	response
response,	334.3510638297872	9	response,
rest	300.70992366412213	4	rest
result	316.7655172413793	6	result
result,	330.59493670886076	7	result,
reward	331.65982404692085	6	reward
rewarded	305.49411764705883	8	rewarded
rewarded,	311.05882352941177	9	rewarded,
rich	287.6304347826087	4	rich
right	337.9471264367816	5	right
right,	316.1931818181818	6	right,
right?'	381.0240963855422	7	right?'
rippling	300.56666666666666	8	rippling
rise	293.61038961038963	4	rise
risk	306.7763157894737	4	risk
river	321.1878453038674	5	river
roamed	432.68131868131866	6	roamed
roast	316.57142857142856	5	roast
robin,	372.15909090909093	6	robin,
rock	307.5652173913044	4	rock
rocks	326.17391304347825	5	rocks
rocky	330.9782608695652	5	rocky
role	301.41062801932367	4	role
rolled	322.9255319148936	6	rolled
rolling	329.7142857142857	7	rolling
roof	326.8901098901099	4	roof
room	336.3157894736842	4	room
room.	337.51807228915663	5	room.
rose	372.18390804597703	4	rose
round	330.45604395604397	5	round
round.	352.8901098901099	6	round.
rubbed	331.72131147540983	6	rubbed
ruffles.	456.10869565217394	8	ruffles.
ruined	332.6842105263158	6	ruined
rule	309.5192307692308	4	rule
run	318.5945945945946	3	run
running	377.5217391304348	7	running
rushed	322.12345679012344	6	rushed
rushing	332.2967032967033	7	rushing
sad.	323.0120481927711	4	sad.
safe	303.22265625	4	safe
safe,	330.367816091954	5	safe,
safest,	307.65168539325845	7	safest,
said	332.96004566210047	4	said
said,	352.98377581120945	5	said,
said.	316.4390243902439	5	said.
sail	368.86813186813185	4	sail
sailed,	333.85869565217394	7	sailed,
sailing	353.2967032967033	7	sailing
same	357.1604938271605	4	same
sand,	351.84090909090907	5	sand,
sank	348.0689655172414	4	sank
sat	309.7183908045977	3	sat
sat,	298.5609756097561	4	sat,
satisfaction	324.1168831168831	12	satisfaction
saucer	316.8857142857143	6	saucer
saucer'.	373.94594594594594	8	saucer'.
saucers	334.67605633802816	7	saucers
savior	295.3333333333333	6	savior
savory	340.010989010989	6	savory
saw	302.98669032830526	3	saw
say	325.6	3	say
say,	312.0	4	say,
saying	352.032967032967	6	saying
saying,	318.6904761904762	7	saying,
says,	313.038961038961	5	says,
scattered	338.19565217391306	9	scattered
scene.	386.29761904761904	6	scene.
scheme	311.20512820512823	6	scheme
scholars	312.3333333333333	8	scholars
school	352.27705627705626	6	school
school,	379.5394736842105	7	school,
school.	369.7643312101911	7	school.
screen	367.9736842105263	6	screen
scurried	313.94505494505495	8	scurried
sea	307.0112359550562	3	sea
sea,	459.3152173913044	4	sea,
seal	336.93975903614455	4	seal
search	293.1125	6	search
searched	324.2826086956522	8	searched
season.	401.0128205128205	7	season.
seasonal	345.4492753623188	8	seasonal
seat.	397.4	5	seat.
seated	300.7831325301205	6	seated
second	317.7938144329897	6	second
second-hand	427.0422535211268	11	second-hand
secondary	345.05194805194805	9	secondary
secret	359.32394366197184	6	secret
secret,	353.13829787234044	7	secret,
see	315.4549418604651	3	see
see.	342.31325301204816	4	see.
seeds	325.44	5	seeds
seeds,	378.9866666666667	6	seeds,
seemed	329.14232209737827	6	seemed
seemingly	342.4109589041096	9	seemingly
seems	425.9647058823529	5	seems
seen	342.0759493670886	4	seen
seen,	321.83870967741933	5	seen,
seized	368.35869565217394	6	seized
self-confidence	332.3333333333333	15	self-confidence
self-diagnosed	378.7323943661972	14	self-diagnosed
self-harm	346.3380281690141	9	self-harm
sell	319.96153846153845	4	sell
selling	347.5869565217391	7	selling
sender	353.8666666666667	6	sender
sending	300.6842105263158	7	sending
sense	284.79194630872485	5	sense
sensed	319.8735632183908	6	sensed
sent	341.075	4	sent
serious	349.3150684931507	7	serious
seriously.	373.40277777777777	10	seriously.
set	310.7852760736196	3	set
settled	304.81290322580645	7	settled
seven	373.3424657534247	5	seven
seven-twelve	873.1142857142858	12	seven-twelve
seventies,	427.2133333333333	10	seventies,
seventy-eight,	557.4864864864865	14	seventy-eight,
several	344.8832599118943	7	several
severe	368.5436241610738	6	severe
severity	353.1383647798742	8	severity
severity.	340.14084507042253	9	severity.
sex	307.0	3	sex
shadow	332.9864864864865	6	shadow
shake	334.55913978494624	5	shake
shall	304.3863636363636	5	shall
shame,	312.2739726027397	6	shame,
shape	333.85869565217394	5	shape
shaving	321.1808510638298	7	shaving
she	320.83126660761735	3	she
she,	291.67123287671234	4	she,
sheer	344.17045454545456	5	sheer
shelter	347.5326086956522	7	shelter
sheltered	439.6222222222222	9	sheltered
shined	362.9673913043478	6	shined
shiny	307.6914893617021	5	shiny
ships	344.86813186813185	5	ships
ships,	370.73333333333335	6	ships,
shiver	322.0	6	shiver
shivered	342.81111111111113	8	shivered
shock.	356.3246753246753	6	shock.
shoe	350.74468085106383	4	shoe
shoes	374.0659340659341	5	shoes
shoes,	349.58288770053474	6	shoes,
shoes.	339.9251336898396	6	shoes.
shone	330.74175824175825	5	shone
short	313.71505376344084	5	short
short,	354.8131868131868	6	short,
short.	339.94505494505495	6	short.
shortcut	326.3411764705882	8	shortcut
shortly	375.6687898089172	7	shortly
shot	351.4096385542169	4	shot
shot,	315.4938271604938	5	shot,
should	320.8826530612245	6	should
shoulder	396.63255813953486	8	shoulder
shoulders,	388.68131868131866	10	shoulders,
shout,	324.3636363636364	6	shout,
show	322.7717717717718	4	show
show,	325.3783783783784	5	show,
show.	332.12080536912754	5	show.
shows	338.9080459770115	5	shows
shrill	387.0348837209302	6	shrill
shrill,	378.4942528735632	7	shrill,
shrilly,	356.78409090909093	8	shrilly,
shrug.	361.92957746478874	6	shrug.
shrugging,	406.55555555555554	10	shrugging,
shuffling	319.4074074074074	9	shuffling
shut	299.3018867924528	4	shut
shut,	312.45454545454544	5	shut,
side	296.43243243243245	4	side
side,'	363.7439024390244	6	side,'
sides	311.13253012048193	5	sides
sighed,	384.94594594594594	7	sighed,
sight!	375.29347826086956	6	sight!
sight,	333.64772727272725	6	sight,
sign	312.5542168674699	4	sign
signal	336.8390804597701	6	signal
silver	406.76666666666665	6	silver
similar	345.0204081632653	7	similar
simple	335.6375	6	simple
simply	347.8142076502732	6	simply
since	316.731778425656	5	since
sing,	275.2432432432432	5	sing,
sing.	300.55405405405406	5	sing.
sings	327.4886363636364	5	sings
sinister	426.8837209302326	8	sinister
sink	312.989010989011	4	sink
sister	370.91333333333336	6	sister
sister,	291.22222222222223	7	sister,
sisters	321.2	7	sisters
sisters,	335.8333333333333	8	sisters,
sit	330.17021276595744	3	sit
sitting	327.2977099236641	7	sitting
situation	331.53374233128835	9	situation
sixteen	535.8529411764706	7	sixteen
sixteenth	455.31168831168833	9	sixteenth
skeptics	321.5416666666667	8	skeptics
skilled	429.89473684210526	7	skilled
sky	342.54945054945057	3	sky
sky,	418.04945054945057	4	sky,
slain	299.5849802371541	5	slain
slate	359.1363636363636	5	slate
sleep	318.64130434782606	5	sleep
sleeve,	421.67816091954023	7	sleeve,
slip	349.0232558139535	4	slip
slipped	349.5287356321839	7	slipped
slippers	402.67391304347825	8	slippers
slipping	310.4657534246575	8	slipping
slow	317.9268292682927	4	slow
slowed	375.5064935064935	6	slowed
slowly	330.59593023255815	6	slowly
small	343.9358024691358	5	small
small,	340.8536585365854	6	small,
small,'	392.10843373493975	7	small,'
small.	396.22222222222223	6	small.
small?'	374.4024390243902	7	small?'
smaller	323.4927536231884	7	smaller
smarter	355.531914893617	7	smarter
smell	319.3243243243243	5	smell
smile	313.6457142857143	5	smile
smiled	304.16477272727275	6	smiled
smiled.	836.0126582278481	7	smiled.
smiling	306.94604316546764	7	smiling
smoking	329.4255319148936	7	smoking
smoothed	344.032967032967	8	smoothed
snack	312.741935483871	5	snack
snail	326.82377049180326	5	snail
snail,	347.65361445783134	6	snail,
snail.	475.1012658227848	6	snail.
sneaking	319.57142857142856	8	sneaking
sniff	332.30555555555554	5	sniff
sniffing	371.72222222222223	8	sniffing
sniffing,	402.27777777777777	9	sniffing,
snow	359.26881720430106	4	snow
snow.	334.04395604395603	5	snow.
snowflakes	372.46153846153845	10	snowflakes
so	337.443468715697	2	so
so-called	329.38028169014086	9	so-called
sold	344.59411764705885	4	sold
solid	318.2584269662921	5	solid
solution	385.92972972972973	8	solution
solve	295.4642857142857	5	solve
some	323.7039748953975	4	some
some.	441.9340659340659	5	some.
someone	319.8974358974359	7	someone
something	322.33934426229507	9	something
sometimes	336.8611111111111	9	sometimes
somewhere	342.2111111111111	9	somewhere
song	296.5	4	song
soon	342.57575757575756	4	soon
soon.	340.5578947368421	5	soon.
sorry	349.49333333333334	5	sorry
sorry,	332.51063829787233	6	sorry,
sorry.'	377.6219512195122	7	sorry.'
sort	299.46315789473687	4	sort
sought	350.3376623376623	6	sought
sought-after	383.0769230769231	12	sought-after
soul	318.7802197802198	4	soul
sound	334.11267605633805	5	sound
sound.	308.1219512195122	6	sound.
sounded	357.2962962962963	7	sounded
sounds.	391.56643356643355	7	sounds.
source	345.7931034482759	6	source
sparking	373.77027027027026	8	sparking
sparkling	363.78409090909093	9	sparkling
sparrow,	362.82954545454544	8	sparrow,
spatter	317.83516483516485	7	spatter
special	363.4689265536723	7	special
special.	361.78723404255317	8	special.
specials	338.6756756756757	8	specials
specialty	346.1830985915493	9	specialty
specifically	325.16438356164383	12	specifically
speck	299.2048192771084	5	speck
spectacular	387.30379746835445	11	spectacular
speculative	369.562091503268	11	speculative
speculators	383.1456953642384	11	speculators
spending	362.6043956043956	8	spending
spin	284.81176470588235	4	spin
spine.	364.2567567567568	6	spine.
spinning	459.0238095238095	8	spinning
spinning,	360.0769230769231	9	spinning,
spite	294.2352941176471	5	spite
spoke	298.1630434782609	5	spoke
spotted	370.06024096385545	7	spotted
sprang	319.3076923076923	6	sprang
spreads	344.57894736842104	7	spreads
sprung,	373.8478260869565	7	sprung,
spun	453.9647058823529	4	spun
sputtered	345.2087912087912	9	sputtered
square	349.12865497076024	6	square
squeaked	337.6808510638298	8	squeaked
squeeze.	359.59493670886076	8	squeeze.
squirrel	328.0732600732601	8	squirrel
stage	282.94594594594594	5	stage
stage,	307.3333333333333	6	stage,
stairs.	327.8658536585366	7	stairs.
stand	306.5	5	stand
standing	315.7608695652174	8	standing
standing.	340.5744680851064	9	standing.
star	308.5824175824176	4	star
stared	332.89772727272725	6	stared
staring	328.1931818181818	7	staring
start	349.89772727272725	5	start
started	333.83720930232556	7	started
stated	373.68243243243245	6	stated
stately	393.69767441860466	7	stately
status	331.5974025974026	6	status
stay	312.20454545454544	4	stay
stayed	320.16129032258067	6	stayed
steadfastly	336.90909090909093	11	steadfastly
steal	285.2261904761905	5	steal
steam.	413.97802197802196	6	steam.
stepped	378.8933333333333	7	stepped
still	318.8477801268499	5	still
stone	436.34065934065933	5	stone
stone,	347.75308641975306	6	stone,
stones,	349.467032967033	7	stones,
stood	316.01675977653633	5	stood
stood,	363.7865168539326	6	stood,
stop	340.4886363636364	4	stop
stopped	333.51612903225805	7	stopped
store	374.6276595744681	5	store
storm.	366.4269662921348	6	storm.
storming	327.67469879518075	8	storming
story	321.2572614107884	5	story
stove,	368.7608695652174	6	stove,
straight	325.8346456692913	8	straight
strained	374.5679012345679	8	strained
strangest	353.1666666666667	9	strangest
streak	337.2	6	streak
stream.	330.44444444444446	7	stream.
street	349.3763440860215	6	street
streets	428.06666666666666	7	streets
streets,	329.0	8	streets,
strength	346.2	8	strength
stretched	349.31111111111113	9	stretched
strong	381.02777777777777	6	strong
strove	347.03409090909093	6	strove
struggling	352.17105263157896	10	struggling
stubby	341.25274725274727	6	stubby
stuck	325.2987012987013	5	stuck
studied,	412.0	8	studied,
studies	333.514598540146	7	studies
studies,	420.6388888888889	8	studies,
study,	333.8536585365854	6	study,
style	350.6666666666667	5	style
subject	342.5112107623318	7	subject
subsequent	373.45205479452056	10	subsequent
substantial	326.2230215827338	11	substantial
succeed,	335.3414634146341	8	succeed,
successful	380.4767441860465	10	successful
such	317.79910714285717	4	such
sudden	307.72972972972974	6	sudden
sudden,	400.1506849315069	7	sudden,
suddenly	332.1358839050132	8	suddenly
suffered	318.4025974025974	8	suffered
suggest	306.1449275362319	7	suggest
suggested	344.2032520325203	9	suggested
suggests	314.59420289855075	8	suggests
sullenly	343.9894736842105	8	sullenly
summarized	331.82608695652175	10	summarized
summer	369.72222222222223	6	summer
sun	357.1721132897604	3	sun
sun,	311.3085106382979	4	sun,
sun?	367.85057471264366	4	sun?
sunbeams	409.84615384615387	8	sunbeams
sunny	352.1978021978022	5	sunny
superb	342.1168831168831	6	superb
superlative	507.5157894736842	11	superlative
suppose	348.5054945054945	7	suppose
supposed	326.0531914893617	8	supposed
suppress,	357.34722222222223	9	suppress,
suppressing	341.07246376811594	11	suppressing
surprise.	331.75342465753425	9	surprise.
surprised	347.4888888888889	9	surprised
surrounded	341.1505791505792	10	surrounded
surveillance	448.06666666666666	12	surveillance
suspect	297.0	7	suspect
suspected	317.8777777777778	9	suspected
suspicion	359.26666666666665	9	suspicion
swallow	316.8720930232558	7	swallow
swash	318.34065934065933	5	swash
swear	392.47222222222223	5	swear
sweetest	316.1758241758242	8	sweetest
swimming	318.74175824175825	8	swimming
swing	334.57608695652175	5	swing
switched	336.6219512195122	8	switched
symbol	348.88505747126436	6	symbol
symbol,	326.82278481012656	7	symbol,
symptomology	394.4	12	symptomology
symptoms	352.8107692307692	8	symptoms
symptoms.	422.1159420289855	9	symptoms.
syndrome	326.0281690140845	8	syndrome
syndrome,	464.75	9	syndrome,
synonymous	399.2133333333333	10	synonymous
take	307.23752151463	4	take
taken	328.71794871794873	5	taken
takes	396.82894736842104	5	takes
taking	351.3412698412698	6	taking
tale,	318.75	5	tale,
talent	322.22297297297297	6	talent
talked	301.02150537634407	6	talked
tall	307.35135135135135	4	tall
tank	308.3558282208589	4	tank
tank,	337.33738601823705	5	tank,
tank.	555.6666666666666	5	tank.
tap	307.58169934640523	3	tap
tapped	359.55263157894734	6	tapped
task!	380.3863636363636	5	task!
task.	401.2906976744186	5	task.
taverns	353.54545454545456	7	taverns
teacher	315.31325301204816	7	teacher
teacher,	343.13253012048193	8	teacher,
teapot.	580.8111111111111	7	teapot.
tears	313.2043010752688	5	tears
teased,	390.578313253012	7	teased,
technically	379.11842105263156	11	technically
teens	332.2328767123288	5	teens
teens,	358.3013698630137	6	teens,
teeth.	398.76	6	teeth.
television	358.0933333333333	10	television
tell	299.1290322580645	4	tell
telling	306.38235294117646	7	telling
temper	295.5609756097561	6	temper
tempted,	354.0352941176471	8	tempted,
ten	385.6953781512605	3	ten
tension	324.72857142857146	7	tension
term	308.89473684210526	4	term
terms	302.3235294117647	5	terms
terrible	391.6	8	terrible
terror	347.4235294117647	6	terror
testimony	322.3142857142857	9	testimony
tests	332.7358490566038	5	tests
text	341.0851063829787	4	text
text,	339.44594594594594	5	text,
texts	323.67105263157896	5	texts
than	320.2656950672646	4	than
that	328.6017431124898	4	that
that,	334.3888888888889	5	that,
that,'	369.7682926829268	6	that,'
that.	357.5207100591716	5	that.
the	326.20672319603176	3	the
their	332.65185185185186	5	their
them	324.74285714285713	4	them
them,	342.65934065934067	5	them,
them.	364.41590214067276	5	them.
themselves	347.028	10	themselves
then	325.2620131512393	4	then
then.	335.2875	5	then.
theories	334.7894736842105	8	theories
there	322.32224168126095	5	there
there,	324.1978021978022	6	there,
there.	365.6024096385542	6	there.
thereafter	353.4049079754601	10	thereafter
thereafter.	479.0	11	thereafter.
these	342.24919093851133	5	these
thesis	324.3076923076923	6	thesis
they	322.9605880512981	4	they
they,	374.1666666666667	5	they,
thick	332.6629213483146	5	thick
thick,	297.5934065934066	6	thick,
thing	314.14859437751005	5	thing
things	325.76576576576576	6	things
things,	349.62048192771084	7	things,
think	306.125	5	think
think?'	372.475	7	think?'
thinking	327.51875	8	thinking
thinks	314.9425287356322	6	thinks
thirties.	413.4054054054054	9	thirties.
thirty	392.64	6	thirty
thirty-four,	442.2857142857143	12	thirty-four,
thirty-one	376.65714285714284	10	thirty-one
thirty-seven,	641.4150943396227	13	thirty-seven,
thirty-six,	435.89473684210526	11	thirty-six,
this	328.0382585751979	4	this
this,	367.75555555555553	5	this,
this.	336.12345679012344	5	this.
this?	308.1764705882353	5	this?
thoroughly,	325.7682926829268	11	thoroughly,
those	337.2565445026178	5	those
though	357.2962962962963	6	though
though,	346.1595744680851	7	though,
though.	379.6933333333333	7	though.
thought	330.8157894736842	7	thought
thought,	350.35227272727275	8	thought,
thought.	341.2674418604651	8	thought.
thoughts	335.3837209302326	8	thoughts
thousand	440.1783439490446	8	thousand
thousands	352.5108695652174	9	thousands
thousands,	326.8131868131868	10	thousands,
threatened	301.28767123287673	10	threatened
three	381.0853658536585	5	three
throat-clear	339.6901408450704	12	throat-clear
throat-clearing,	523.8356164383562	16	throat-clearing,
through	343.6762114537445	7	through
through.	334.4	8	through.
thumbs	354.1095890410959	6	thumbs
thunder	325.1058823529412	7	thunder
thus	341.34934497816596	4	thus
tic	319.7103448275862	3	tic
tics	343.7925581395349	4	tics
tics,	340.0416666666667	5	tics,
tics.	346.2464788732394	5	tics.
tight	361.0886075949367	5	tight
till	308.01149425287355	4	till
time	321.5431131019037	4	time
time,	314.09722222222223	5	time,
time.	365.78504672897196	5	time.
times	338.99410029498523	5	times
tiny	356.2758620689655	4	tiny
tired	360.6641791044776	5	tired
tired,	317.3255813953488	6	tired,
tiring.	437.890243902439	7	tiring.
titles.	370.2692307692308	7	titles.
to	318.23865636612555	2	to
to.	396.09859154929575	3	to.
today,	355.3066666666667	6	today,
today.	427.77777777777777	6	today.
together	324.7519379844961	8	together
together,	358.87640449438203	9	together,
told	323.9842233009709	4	told
tolerate	334.6835443037975	8	tolerate
tomography,	438.3611111111111	11	tomography,
ton	305.7659574468085	3	ton
tone	296.3536585365854	4	tone
tongue	308.20392156862744	6	tongue
tongue,	389.4470588235294	7	tongue,
tongue?'	342.7921568627451	8	tongue?'
tonight,	404.73333333333335	8	tonight,
too	336.5076923076923	3	too
too,	370.25714285714287	4	too,
too.	402.6931818181818	4	too.
took	328.4030131826742	4	took
tools	323.5857142857143	5	tools
top	306.66545454545457	3	top
touched	310.7977528089888	7	touched
touching	389.01408450704224	8	touching
toward	298.7083333333333	6	toward
towards	317.0158102766798	7	towards
town	312.57894736842104	4	town
town,	310.8690476190476	5	town,
trace	371.28	5	trace
trade.	379.9013157894737	6	trade.
traders	345.5	7	traders
transformed	394.40287769784175	11	transformed
transient	372.4109589041096	9	transient
transported	347.6923076923077	11	transported
treatments	359.8611111111111	10	treatments
trees,	317.7294117647059	6	trees,
tremendous	363.0	10	tremendous
tricked	377.0113636363636	7	tricked
tricky	350.04046242774564	6	tricky
tried	320.3619186046512	5	tried
trigger	334.46853146853147	7	trigger
trouble	331.820987654321	7	trouble
true	352.69371196754565	4	true
trunk	355.59722222222223	5	trunk
truth	287.7647058823529	5	truth
try	295.57142857142856	3	try
trying	298.32911392405066	6	trying
tulip	373.4424320827943	5	tulip
tulip,	465.2564102564103	6	tulip,
tulip-specific	452.7875	14	tulip-specific
tulips	363.4884318766067	6	tulips
tumbling	351.7608695652174	8	tumbling
turn	321.84393063583815	4	turn
turned	340.1125	6	turned
tusks	328.23809523809524	5	tusks
twelve	326.4025974025974	6	twelve
twin	326.1159420289855	4	twin
twist	351.3521126760563	5	twist
twisting.	397.68055555555554	9	twisting.
two	330.6915477497256	3	two
type	298.1948051948052	4	type
type,	321.7916666666667	5	type,
typically	376.40277777777777	9	typically
ugly,	376.42105263157896	5	ugly,
ultimately	355.97435897435895	10	ultimately
umbrellas.	332.31868131868134	10	umbrellas.
unable	350.89772727272725	6	unable
unassuming,	529.1075268817204	11	unassuming,
uncommon	335.18918918918916	8	uncommon
under	326.7307692307692	5	under
underbrush.	350.4555555555556	11	underbrush.
understand.	400.1842105263158	11	understand.
understanding	338.4428571428571	13	understanding
understood	346.7037037037037	10	understood
understood,	337.4177215189873	11	understood,
unembellished	544.8510638297872	13	unembellished
unfair	343.4651162790698	6	unfair
unfamiliar	349.4583333333333	10	unfamiliar
unless	294.9230769230769	6	unless
unlike	312.8378378378378	6	unlike
unsuccessful.	357.6578947368421	13	unsuccessful.
until	319.89798850574715	5	until
unwillingly,	455.37931034482756	12	unwillingly,
up	324.6655172413793	2	up
up,	337.8773006134969	3	up,
up,'	360.575	4	up,'
up.	347.67484662576686	3	up.
up.'	297.1951219512195	4	up.'
upon	345.7132352941176	4	upon
uprooted	362.46153846153845	8	uprooted
upset	329.87005649717514	5	upset
upwards	312.1	7	upwards
us	322.62105263157895	2	us
us.	331.7096774193548	3	us.
us.'	348.25882352941176	4	us.'
use	349.05535055350555	3	use
used	326.98039215686276	4	used
using	341.7710843373494	5	using
usually	348.14084507042253	7	usually
uttering	385.06944444444446	8	uttering
vacuum,	342.95	7	vacuum,
valley	334.9351145038168	6	valley
values.	867.6417910447761	7	values.
vapor	373.0871934604905	5	vapor
varieties	356.77120822622106	9	varieties
varieties.	463.92	10	varieties.
variety	312.5211267605634	7	variety
various	342.2027972027972	7	various
varying	326.6111111111111	7	varying
verifying	332.4366197183099	9	verifying
version	328.8536585365854	7	version
very	339.7166427546628	4	very
vicinity	320.72857142857146	8	vicinity
vicinity,	347.2972972972973	9	vicinity,
victor.	311.8941176470588	7	victor.
victory	346.52272727272725	7	victory
victory.	317.0843373493976	8	victory.
view.	402.76	5	view.
virus	401.8987341772152	5	virus
virus'.	419.45454545454544	7	virus'.
virus,	387.92105263157896	6	virus,
virus.	419.54545454545456	6	virus.
vision	319.0138888888889	6	vision
visit	312.3728813559322	5	visit
visited	331.5753424657534	7	visited
visiting	319.4418604651163	8	visiting
vivid	384.5128205128205	5	vivid
vocal	349.35087719298247	5	vocal
vocalizations,	382.34722222222223	14	vocalizations,
voice	296.9146341463415	5	voice
voice,	361.1931818181818	6	voice,
voice,'	319.5	7	voice,'
voices	332.7956989247312	6	voices
void	305.7402597402597	4	void
voided	313.43243243243245	6	voided
voluntary	325.22857142857146	9	voluntary
wait	318.25	4	wait
waited	297.29411764705884	6	waited
walk	280.14772727272725	4	walk
walked	311.4297994269341	6	walked
walking	316.01075268817203	7	walking
wall	310.9130434782609	4	wall
wall,	327.1767955801105	5	wall,
wall.	374.0610687022901	5	wall.
wallowed	396.3720930232558	8	wallowed
want	299.9840637450199	4	want
wanted	322.18390804597703	6	wanted
warm	309.8181818181818	4	warm
warm,	381.3076923076923	5	warm,
was	321.54826345893036	3	was
was,	329.68674698795184	4	was,
was.	279.47297297297297	4	was.
was.'	396.96	5	was.'
wasn't	301.8598484848485	6	wasn't
wasn't,	370.7432432432432	7	wasn't,
waste	319.8	5	waste
watch	352.03977272727275	5	watch
watching	304.4731182795699	8	watching
water	339.6846246973366	5	water
water,	342.5655430711611	6	water,
waves	314.141975308642	5	waves
waves,	395.6373626373626	6	waves,
wavy	403.5806451612903	4	wavy
way	303.52008032128515	3	way
way.	378.6304347826087	4	way.
way?	332.4597701149425	4	way?
we	319.57142857142856	2	we
wearisome	366.0919540229885	9	wearisome
weather	346.22083333333336	7	weather
weed	364.69135802469134	4	weed
weed.	324.9390243902439	5	weed.
week,	345.9342105263158	5	week,
weekend,	376.8285714285714	8	weekend,
weeks	358.6144578313253	5	weeks
well	332.9321766561514	4	well
well.	445.2093023255814	5	well.
went	314.42450142450144	4	went
went,	298.54945054945057	5	went,
were	334.52699575780946	4	were
wet	322.6480446927374	3	wet
what	321.6776371308017	4	what
wheat	339.2608695652174	5	wheat
wheel	331.35555555555555	5	wheel
wheel?	365.70652173913044	6	wheel?
when	315.7243243243243	4	when
where	325.87531486146094	5	where
whether	336.7368421052632	7	whether
which	356.0815573770492	5	which
while	335.9197651663405	5	while
while,	321.7912087912088	6	while,
whined	363.93975903614455	6	whined
whirled	323.032967032967	7	whirled
whispered	343.3510638297872	9	whispered
white	409.8722891566265	5	white
white,	476.4175824175824	6	white,
whizzing	330.8333333333333	8	whizzing
who	329.2744856690698	3	who
whoever	325.0869565217391	7	whoever
whole	317.2828282828283	5	whole
whose	349.83561643835617	5	whose
why	305.4022988505747	3	why
why,	340.4	4	why,
wide	331.04945054945057	4	wide
widely	341.527397260274	6	widely
wider	305.7191011235955	5	wider
wife	338.9010989010989	4	wife
wildflowers	335.8666666666667	11	wildflowers
will	327.7113095238095	4	will
willing	328.6794871794872	7	willing
wind	323.5055248618784	4	wind
window,	321.7032967032967	7	window,
wings	353.7471264367816	5	wings
wings,	366.9054054054054	6	wings,
wings.	326.47945205479454	6	wings.
wiped	307.5978260869565	5	wiped
wished	339.46438746438747	6	wished
with	329.66502192982455	4	with
with,	335.3780487804878	5	with,
with.	352.2700729927007	5	with.
without	352.0983606557377	7	without
witness	353.7083333333333	7	witness
witnesses	328.1118881118881	9	witnesses
witnesses.	374.27777777777777	10	witnesses.
woes	324.92857142857144	4	woes
wondered	320.0125786163522	8	wondered
wonderful	328.7771739130435	9	wonderful
wondering	363.0	9	wondering
wood	323.0094562647754	4	wood
woods.	404.28735632183907	6	woods.
wool	426.8720930232558	4	wool
words	330.86915887850466	5	words
words,	388.80555555555554	6	words,
work	294.31325301204816	4	work
working	295.5975609756098	7	working
world	322.2370820668693	5	world
world.	524.7258064516129	6	world.
worn,	382.7567567567568	5	worn,
worried	306.43225806451613	7	worried
worry.	339.3614457831325	6	worry.
worse	347.3128834355828	5	worse
worse,	364.8255813953488	6	worse,
worsen	343.4507042253521	6	worsen
worth	307.85185185185185	5	worth
would	332.90536013400333	5	would
wouldn't	325.03614457831327	8	wouldn't
wrapped	380.48936170212767	7	wrapped
wrong	318.6385542168675	5	wrong
wrote	363.89156626506025	5	wrote
wrote.	389.2987012987013	6	wrote.
x-ray	444.02127659574467	5	x-ray
year	308.61333333333334	4	year
year's	330.9864864864865	6	year's
year,	423.319018404908	5	year,
year.	378.7391304347826	5	year.
years	357.11358574610244	5	years
years,	321.84	6	years,
years.	477.685618729097	6	years.
yelled	347.90425531914894	6	yelled
yellow	412.47435897435895	6	yellow
yellow,	383.26582278481015	7	yellow,
yes,	369.6703296703297	4	yes,
yet?'	363.5394736842105	5	yet?'
you	331.48969813128895	3	you
you!	301.35555555555555	4	you!
you'll	302.2962962962963	6	you'll
you've	319.55	6	you've
you,	336.2183908045977	4	you,
you.'	377.9310344827586	5	you.'
you?'	355.04819277108436	5	you?'
young	336.93048128342247	5	young
your	308.14161849710985	4	your
